target_date,provider_id,currency_pair,name,days,swap_buy,swap_sell,settlement_date,status,actual_date
2026-02-26,dmm,USD/JPY,DMM FX,1.0,129.0,-132.0,02/26,success,2026/02/26
2026-02-26,gaitame,USD/JPY,外為どっとコム,1.0,125.0,-155.0,None,success,2026/02/26
2026-02-26,gmo,USD/JPY,GMO外貨,1.0,135.0,-135.0,None,success,2026/02/26
2026-02-26,gmo_click,USD/JPY,GMOクリック証券,1.0,135.0,-135.0,None,success,2026/02/26
2026-02-26,invast,USD/JPY,トライオートFX,1.0,130.0,-205.0,None,success,2026/02/26
2026-02-26,sbi,USD/JPY,SBI FXトレード,1.0,128.0,-136.0,03月02日,success,2026/02/26
2026-02-26,traders_light,USD/JPY,LIGHT FX,1.0,,,,error,
2026-02-26,traders_min,USD/JPY,みんなのFX,1.0,,,,error,
2026-02-27,central_tanshi,USD/JPY,セントラル短資FX,1.0,135.0,-234.0,3/2,success,2026/02/27
2026-02-27,dmm,USD/JPY,DMM FX,1.0,,,,error,
2026-02-27,gaitame,USD/JPY,外為どっとコム,1.0,,,,error,
2026-02-27,gmo,USD/JPY,GMO外貨,1.0,132.0,-132.0,None,success,2026/02/27
2026-02-27,gmo_click,USD/JPY,GMOクリック証券,1.0,132.0,-132.0,None,success,2026/02/27
2026-02-27,hirose,USD/JPY,ヒロセ通商,1.0,131.0,-161.0,None,success,2026/02/27
2026-02-27,invast,USD/JPY,トライオートFX,1.0,,,,error,
2026-02-27,jfx,USD/JPY,JFX,1.0,,,None,error,None
2026-02-27,sbi,USD/JPY,SBI FXトレード,1.0,127.0,-135.0,03月03日,success,2026/02/27
2026-02-27,traders_light,USD/JPY,LIGHT FX,1.0,125.0,-125.0,02/27,success,2026/02/27
2026-02-27,traders_min,USD/JPY,みんなのFX,1.0,125.0,-125.0,02/27,success,2026/02/27
2026-03-02,central_tanshi,USD/JPY,セントラル短資FX,1.0,,,,error,
2026-03-02,dmm,USD/JPY,DMM FX,1.0,129.0,-132.0,None,success,2026/03/02
2026-03-02,gaitame,USD/JPY,外為どっとコム,1.0,125.0,-155.0,,success,2026/03/02
2026-03-02,gmo,USD/JPY,GMO外貨,1.0,,,,success,2026/03/02
2026-03-02,gmo_click,USD/JPY,GMOクリック証券,1.0,133.0,-133.0,None,success,2026/03/02
2026-03-02,hirose,USD/JPY,ヒロセ通商,1.0,133.0,-163.0,None,success,2026/03/02
2026-03-02,invast,USD/JPY,トライオートFX,1.0,130.0,-205.0,,success,2026/03/02
2026-03-02,jfx,USD/JPY,JFX,1.0,,,,error,
2026-03-02,saxo,USD/JPY,サクソバンク証券,1.0,,,None,error,2026-03-02
2026-03-02,sbi,USD/JPY,SBI FXトレード,None,None,None,None,error,None
2026-03-02,traders_light,USD/JPY,LIGHT FX,1.0,125.0,-125.0,None,success,2026/03/02
2026-03-02,traders_min,USD/JPY,みんなのFX,1.0,125.0,-125.0,,success,2026/03/02
2026-03-03,central_tanshi,USD/JPY,セントラル短資FX,1.0,138.0,-237.0,,success,2026/03/03
2026-03-03,dmm,USD/JPY,DMM FX,1.0,130.0,-133.0,None,success,2026/03/03
2026-03-03,gaitame,USD/JPY,外為どっとコム,1.0,125.0,-155.0,,success,2026/03/03
2026-03-03,gmo,USD/JPY,GMO外貨,1.0,136.0,-136.0,None,success,2026/03/03
2026-03-03,gmo_click,USD/JPY,GMOクリック証券,1.0,134.0,-134.0,None,success,2026/03/03
2026-03-03,hirose,USD/JPY,ヒロセ通商,1.0,135.0,-165.0,None,success,2026/03/03
2026-03-03,invast,USD/JPY,トライオートFX,1.0,130.0,-205.0,None,success,2026/03/03
2026-03-03,jfx,USD/JPY,JFX,1.0,,,None,error,None
2026-03-03,saxo,USD/JPY,サクソバンク証券,1.0,,,None,error,2026-03-03
2026-03-03,sbi,USD/JPY,SBI FXトレード,1.0,127.0,-135.0,03月05日,success,2026/03/03
2026-03-03,traders_light,USD/JPY,LIGHT FX,1.0,135.0,-135.0,03/03,success,2026/03/03
2026-03-03,traders_min,USD/JPY,みんなのFX,1.0,135.0,-135.0,None,success,2026/03/03
2026-03-04,central_tanshi,USD/JPY,セントラル短資FX,1.0,138.0,-138.0,3/4,success,2026/03/04
2026-03-04,dmm,USD/JPY,DMM FX,1.0,130.0,-133.0,None,success,2026/03/04
2026-03-04,gaitame,USD/JPY,外為どっとコム,1.0,128.0,-158.0,,success,2026/03/04
2026-03-04,gmo,USD/JPY,GMO外貨,1.0,138.0,-138.0,,success,2026/03/04
2026-03-04,gmo_click,USD/JPY,GMOクリック証券,3.0,137.0,-137.0,None,success,2026/03/04
2026-03-04,hirose,USD/JPY,ヒロセ通商,3.0,137.0,-172.0,None,success,2026/03/04
2026-03-04,invast,USD/JPY,トライオートFX,1.0,130.0,-205.0,,success,2026/03/04
2026-03-04,jfx,USD/JPY,JFX,1.0,,,,error,
2026-03-04,saxo,USD/JPY,サクソバンク証券,1.0,,,None,error,2026-03-04
2026-03-04,sbi,USD/JPY,SBI FXトレード,1.0,128.0,-136.0,03月06日,success,2026/03/04
2026-03-04,traders_light,USD/JPY,LIGHT FX,1.0,135.0,-135.0,03/04,success,2026/03/04
2026-03-04,traders_min,USD/JPY,みんなのFX,3.0,135.0,-135.0,None,success,2026/03/04
2026-03-05,central_tanshi,USD/JPY,セントラル短資FX,1.0,139.0,-238.0,3/6,success,2026/03/05
2026-03-05,dmm,USD/JPY,DMM FX,1.0,133.0,-136.0,03/05,success,2026/03/05
2026-03-05,gaitame,USD/JPY,外為どっとコム,1.0,128.0,-158.0,3/5（木）,success,2026/03/05
2026-03-05,gmo,USD/JPY,GMO外貨,1.0,138.0,-138.0,None,success,2026/03/05
2026-03-05,gmo_click,USD/JPY,GMOクリック証券,1.0,137.0,-137.0,None,success,2026/03/05
2026-03-05,hirose,USD/JPY,ヒロセ通商,1.0,129.0,-159.0,None,success,2026/03/05
2026-03-05,invast,USD/JPY,トライオートFX,1.0,136.0,-211.0,,success,2026/03/05
2026-03-05,jfx,USD/JPY,JFX,1.0,,,,error,
2026-03-05,saxo,USD/JPY,サクソバンク証券,1.0,,,None,error,2026-03-05
2026-03-05,sbi,USD/JPY,SBI FXトレード,1.0,128.0,-136.0,03月09日,success,2026/03/05
2026-03-05,traders_light,USD/JPY,LIGHT FX,1.0,137.0,-137.0,None,success,2026/03/05
2026-03-05,traders_min,USD/JPY,みんなのFX,1.0,137.0,-137.0,03/05,success,2026/03/05
2026-03-06,central_tanshi,USD/JPY,セントラル短資FX,1.0,,,,error,
2026-03-06,dmm,USD/JPY,DMM FX,1.0,None,None,None,error,None
2026-03-06,gaitame,USD/JPY,外為どっとコム,1.0,,,,error,
2026-03-06,gmo,USD/JPY,GMO外貨,1.0,137.0,-137.0,None,success,2026/03/06
2026-03-06,gmo_click,USD/JPY,GMOクリック証券,1.0,136.0,-136.0,None,success,2026/03/06
2026-03-06,hirose,USD/JPY,ヒロセ通商,1.0,133.0,-163.0,None,success,2026/03/06
2026-03-06,invast,USD/JPY,トライオートFX,1.0,136.0,-211.0,,success,2026/03/06
2026-03-06,jfx,USD/JPY,JFX,1.0,,,,error,
2026-03-06,saxo,USD/JPY,サクソバンク証券,1.0,,,None,error,2026-03-06
2026-03-06,sbi,USD/JPY,SBI FXトレード,1.0,128.0,-136.0,03月10日,success,2026/03/06
2026-03-06,traders_light,USD/JPY,LIGHT FX,1.0,140.0,-140.0,None,success,2026/03/06
2026-03-06,traders_min,USD/JPY,みんなのFX,1.0,140.0,-140.0,03/06,success,2026/03/06
2026-03-09,central_tanshi,USD/JPY,セントラル短資FX,1.0,139.0,-238.0,3/10,success,2026/03/09
2026-03-09,dmm,USD/JPY,DMM FX,1.0,132.0,-135.0,None,success,2026/03/09
2026-03-09,gaitame,USD/JPY,外為どっとコム,1.0,131.0,-161.0,None,success,2026/03/09
2026-03-09,gmo,USD/JPY,GMO外貨,1.0,140.0,-140.0,03/09,success,2026/03/09
2026-03-09,gmo_click,USD/JPY,GMOクリック証券,1.0,137.0,-137.0,None,success,2026/03/09
2026-03-09,hirose,USD/JPY,ヒロセ通商,1.0,135.0,-165.0,None,success,2026/03/09
2026-03-09,invast,USD/JPY,トライオートFX,1.0,136.0,-211.0,,success,2026/03/09
2026-03-09,jfx,USD/JPY,JFX,1.0,132.0,-162.0,None,success,2026/03/09
2026-03-09,sbi,USD/JPY,SBI FXトレード,None,None,None,None,error,None
2026-03-09,traders_light,USD/JPY,LIGHT FX,1.0,144.0,-144.0,None,success,2026/03/09
2026-03-09,traders_min,USD/JPY,みんなのFX,1.0,144.0,-144.0,None,success,2026/03/09
2026-03-10,central_tanshi,USD/JPY,セントラル短資FX,1.0,,,,error,
2026-03-10,dmm,USD/JPY,DMM FX,1.0,133.0,-136.0,None,success,2026/03/10
2026-03-10,gaitame,USD/JPY,外為どっとコム,1.0,130.0,-160.0,,success,2026/03/10
2026-03-10,gmo,USD/JPY,GMO外貨,1.0,145.0,-145.0,,success,2026/03/10
2026-03-10,gmo_click,USD/JPY,GMOクリック証券,1.0,138.0,-138.0,None,success,2026/03/10
2026-03-10,hirose,USD/JPY,ヒロセ通商,1.0,133.0,-163.0,None,success,2026/03/10
2026-03-10,invast,USD/JPY,トライオートFX,1.0,136.0,-211.0,,success,2026/03/10
2026-03-10,jfx,USD/JPY,JFX,1.0,132.0,-162.0,None,success,2026/03/10
2026-03-10,sbi,USD/JPY,SBI FXトレード,1.0,131.0,-139.0,03月12日,success,2026/03/10
2026-03-10,traders_light,USD/JPY,LIGHT FX,1.0,145.0,-145.0,None,success,2026/03/10
2026-03-10,traders_min,USD/JPY,みんなのFX,1.0,,,,success,2026/03/10
2026-03-11,central_tanshi,USD/JPY,セントラル短資FX,1.0,,,,error,
2026-03-11,dmm,USD/JPY,DMM FX,1.0,135.0,-138.0,None,success,2026/03/11
2026-03-11,gaitame,USD/JPY,外為どっとコム,1.0,130.0,-160.0,,success,2026/03/11
2026-03-11,gmo,USD/JPY,GMO外貨,1.0,140.0,-140.0,,success,2026/03/11
2026-03-11,gmo_click,USD/JPY,GMOクリック証券,3.0,137.0,-137.0,None,success,2026/03/11
2026-03-11,hirose,USD/JPY,ヒロセ通商,1.0,132.0,-162.0,,success,2026/03/11
2026-03-11,invast,USD/JPY,トライオートFX,1.0,145.0,-220.0,,success,2026/03/11
2026-03-11,jfx,USD/JPY,JFX,1.0,132.0,-162.0,,success,2026/03/11
2026-03-11,sbi,USD/JPY,SBI FXトレード,1.0,131.0,-139.0,None,success,2026/03/11
2026-03-11,traders_light,USD/JPY,LIGHT FX,3.0,140.0,-140.0,None,success,2026/03/11
2026-03-11,traders_min,USD/JPY,みんなのFX,3.0,140.0,-140.0,None,success,2026/03/11
2026-03-12,central_tanshi,USD/JPY,セントラル短資FX,1.0,140.0,-239.0,3/13,success,2026/03/12
2026-03-12,dmm,USD/JPY,DMM FX,3.0,135.0,-138.0,None,success,2026/03/12
2026-03-12,gaitame,USD/JPY,外為どっとコム,1.0,137.0,-167.0,None,success,2026/03/12
2026-03-12,gmo,USD/JPY,GMO外貨,1.0,137.0,-137.0,None,success,2026/03/12
2026-03-12,gmo_click,USD/JPY,GMOクリック証券,1.0,163.0,-163.0,None,success,2026/03/12
2026-03-12,hirose,USD/JPY,ヒロセ通商,1.0,134.0,-164.0,None,success,2026/03/12
2026-03-12,invast,USD/JPY,トライオートFX,1.0,145.0,-220.0,None,success,2026/03/12
2026-03-12,jfx,USD/JPY,JFX,1.0,132.0,-167.0,None,success,2026/03/12
2026-03-12,sbi,USD/JPY,SBI FXトレード,None,None,None,None,error,None
2026-03-12,traders_light,USD/JPY,LIGHT FX,1.0,145.0,-145.0,None,success,2026/03/12
2026-03-12,traders_min,USD/JPY,みんなのFX,1.0,145.0,-145.0,None,success,2026/03/12
2026-03-13,central_tanshi,USD/JPY,セントラル短資FX,1.0,140.0,-239.0,3/16,success,2026/03/13
2026-03-13,dmm,USD/JPY,DMM FX,1.0,135.0,-138.0,None,success,2026/03/13
2026-03-13,gaitame,USD/JPY,外為どっとコム,1.0,145.0,-175.0,None,success,2026-03-13
2026-03-13,gmo,USD/JPY,GMO外貨,1.0,145.0,None,None,error,2026/03/13
2026-03-13,gmo_click,USD/JPY,GMOクリック証券,1.0,137.0,-137.0,None,success,2026/03/13
2026-03-13,hirose,USD/JPY,ヒロセ通商,1.0,134.0,-164.0,None,success,2026/03/13
2026-03-13,invast,USD/JPY,トライオートFX,1.0,146.0,-221.0,None,success,2026/03/13
2026-03-13,jfx,USD/JPY,JFX,1.0,None,None,None,error,None
2026-03-13,saxo,USD/JPY,サクソバンク証券,1.0,,,None,error,None
2026-03-13,sbi,USD/JPY,SBI FXトレード,1.0,132.0,-140.0,03月17日,success,2026/03/13
2026-03-13,traders_light,USD/JPY,LIGHT FX,1.0,148.0,-148.0,None,success,2026/03/13
2026-03-13,traders_min,USD/JPY,みんなのFX,1.0,148.0,-148.0,03/13,success,2026/03/13
2026-03-16,central_tanshi,USD/JPY,セントラル短資FX,1.0,None,None,None,error,None
2026-03-16,dmm,USD/JPY,DMM FX,1.0,134.0,-137.0,None,success,2026/03/16
2026-03-16,gaitame,USD/JPY,外為どっとコム,1.0,145.0,-175.0,None,success,2026/03/16
2026-03-16,gmo,USD/JPY,GMO外貨,1.0,148.0,-148.0,3月16日(月),success,2026/03/16
2026-03-16,gmo_click,USD/JPY,GMOクリック証券,1.0,139.0,-139.0,None,success,2026/03/16
2026-03-16,hirose,USD/JPY,ヒロセ通商,1.0,134.0,-169.0,None,success,2026/03/16
2026-03-16,invast,USD/JPY,トライオートFX,1.0,150.0,-225.0,None,success,2026/03/16
2026-03-16,jfx,USD/JPY,JFX,1.0,134.0,-164.0,None,success,2026/03/16
2026-03-16,sbi,USD/JPY,SBI FXトレード,None,None,None,None,error,None
2026-03-16,traders_light,USD/JPY,LIGHT FX,1.0,148.0,-148.0,None,success,2026/03/16
2026-03-16,traders_min,USD/JPY,みんなのFX,1.0,148.0,-148.0,03/16,success,2026/03/16
2026-03-17,central_tanshi,USD/JPY,セントラル短資FX,1.0,148.0,-247.0,3/18,success,2026/03/17
2026-03-17,dmm,USD/JPY,DMM FX,1.0,134.0,-137.0,None,success,2026/03/17
2026-03-17,gaitame,USD/JPY,外為どっとコム,1.0,None,None,None,error,None
2026-03-17,gmo,USD/JPY,GMO外貨,1.0,148.0,-148.0,None,success,2026/03/17
2026-03-17,gmo_click,USD/JPY,GMOクリック証券,1.0,None,None,None,error,None
2026-03-17,hirose,USD/JPY,ヒロセ通商,1.0,134.0,-164.0,None,success,2026/03/17
2026-03-17,invast,USD/JPY,トライオートFX,1.0,150.0,-225.0,None,success,2026/03/17
2026-03-17,jfx,USD/JPY,JFX,1.0,134.0,-164.0,None,success,2026/03/17
2026-03-17,sbi,USD/JPY,SBI FXトレード,None,None,None,None,error,None
2026-03-17,traders_light,USD/JPY,LIGHT FX,1.0,145.0,-145.0,03/17,success,2026/03/17
2026-03-17,traders_min,USD/JPY,みんなのFX,1.0,None,None,03/17,success,2026/03/17
2026-03-18,central_tanshi,USD/JPY,セントラル短資FX,1.0,148.0,-247.0,3/19,success,2026/03/18
2026-03-18,dmm,USD/JPY,DMM FX,1.0,136.0,-139.0,None,success,2026/03/18
2026-03-18,gaitame,USD/JPY,外為どっとコム,1.0,131.0,None,None,success,2026/03/18
2026-03-18,gmo,USD/JPY,GMO外貨,1.0,145.0,-145.0,None,success,2026/03/18
2026-03-18,gmo_click,USD/JPY,GMOクリック証券,1.0,138.0,-138.0,None,success,2026/03/18
2026-03-18,hirose,USD/JPY,ヒロセ通商,1.0,133.0,-163.0,None,success,2026/03/18
2026-03-18,invast,USD/JPY,トライオートFX,1.0,150.0,-225.0,None,success,2026/03/18
2026-03-18,jfx,USD/JPY,JFX,1.0,133.0,-163.0,None,success,2026/03/18
2026-03-18,sbi,USD/JPY,SBI FXトレード,None,None,None,None,error,None
2026-03-18,traders_light,USD/JPY,LIGHT FX,1.0,140.0,-140.0,None,success,2026/03/18
2026-03-18,traders_min,USD/JPY,みんなのFX,1.0,140.0,-140.0,None,success,2026/03/18
2026-03-19,central_tanshi,USD/JPY,セントラル短資FX,1.0,0.0,0.0,None,success,2026/03/19
2026-03-19,dmm,USD/JPY,DMM FX,1.0,134.0,-137.0,None,success,2026/03/19
2026-03-19,gaitame,USD/JPY,外為どっとコム,1.0,0.0,0.0,None,success,2026/03/19
2026-03-19,gmo,USD/JPY,GMO外貨,1.0,0.0,0.0,None,success,2026/03/19
2026-03-19,gmo_click,USD/JPY,GMOクリック証券,1.0,0.0,0.0,None,success,2026/03/19
2026-03-19,hirose,USD/JPY,ヒロセ通商,1.0,0.0,0.0,None,success,2026/03/19
2026-03-19,invast,USD/JPY,トライオートFX,1.0,0.0,0.0,None,success,2026/03/19
2026-03-19,jfx,USD/JPY,JFX,1.0,0.0,0.0,None,success,2026/03/19
2026-03-19,sbi,USD/JPY,SBI FXトレード,None,None,None,None,error,None
2026-03-19,traders_light,USD/JPY,LIGHT FX,1.0,None,None,None,error,None
2026-03-19,traders_min,USD/JPY,みんなのFX,1.0,None,None,None,success,2026/03/19
2026-03-23,central_tanshi,USD/JPY,セントラル短資FX,1.0,148.0,-247.0,3/24,success,2026/03/23
2026-03-23,dmm,USD/JPY,DMM FX,1.0,None,None,None,error,None
2026-03-23,gaitame,USD/JPY,外為どっとコム,1.0,133.0,-163.0,None,success,2026/03/23
2026-03-23,gmo,USD/JPY,GMO外貨,1.0,140.0,-140.0,None,success,2026/03/23
2026-03-23,gmo_click,USD/JPY,GMOクリック証券,1.0,140.0,-140.0,None,success,2026/03/23
2026-03-23,hirose,USD/JPY,ヒロセ通商,1.0,135.0,-165.0,None,success,2026/03/23
2026-03-23,invast,USD/JPY,トライオートFX,1.0,None,None,None,error,None
2026-03-23,jfx,USD/JPY,JFX,1.0,135.0,-165.0,None,success,2026/03/23
2026-03-23,sbi,USD/JPY,SBI FXトレード,None,None,None,None,error,None
2026-03-23,traders_light,USD/JPY,LIGHT FX,1.0,150.0,-150.0,None,success,2026/03/23
2026-03-23,traders_min,USD/JPY,みんなのFX,1.0,None,None,None,error,None
2026-03-24,central_tanshi,USD/JPY,セントラル短資FX,1.0,150.0,-249.0,None,success,2026/03/24
2026-03-24,dmm,USD/JPY,DMM FX,1.0,137.0,-140.0,None,success,2026/03/24
2026-03-24,gaitame,USD/JPY,外為どっとコム,1.0,133.0,-163.0,None,success,2026-03-24
2026-03-24,gmo,USD/JPY,GMO外貨,1.0,145.0,-145.0,None,success,2026/03/24
2026-03-24,gmo_click,USD/JPY,GMOクリック証券,1.0,140.0,-140.0,None,success,2026/03/24
2026-03-24,hirose,USD/JPY,ヒロセ通商,1.0,133.0,-163.0,None,success,2026/03/24
2026-03-24,invast,USD/JPY,トライオートFX,1.0,150.0,-225.0,None,success,2026/03/24
2026-03-24,jfx,USD/JPY,JFX,1.0,133.0,-163.0,None,success,2026/03/24
2026-03-24,sbi,USD/JPY,SBI FXトレード,1.0,133.0,-141.0,03月26日,success,2026/03/24
2026-03-24,traders_light,USD/JPY,LIGHT FX,1.0,145.0,-145.0,None,success,2026/03/24
2026-03-24,traders_min,USD/JPY,みんなのFX,1.0,145.0,-145.0,None,success,2026/03/24
2026-03-25,central_tanshi,USD/JPY,セントラル短資FX,3.0,150.0,-249.0,3/26,success,2026/03/25
2026-03-25,dmm,USD/JPY,DMM FX,1.0,137.0,-140.0,None,success,2026/03/25
2026-03-25,gaitame,USD/JPY,外為どっとコム,3.0,133.0,-163.0,None,success,2026/03/25
2026-03-25,gmo,USD/JPY,GMO外貨,3.0,145.0,-145.0,None,success,2026/03/25
2026-03-25,gmo_click,USD/JPY,GMOクリック証券,3.0,139.0,-139.0,None,success,2026/03/25
2026-03-25,hirose,USD/JPY,ヒロセ通商,3.0,133.0,-163.0,None,success,2026/03/25
2026-03-25,jfx,USD/JPY,JFX,3.0,133.0,-163.0,None,success,2026/03/25
2026-03-25,sbi,USD/JPY,SBI FXトレード,1.0,133.0,-141.0,None,success,2026/03/25
2026-03-25,traders_light,USD/JPY,LIGHT FX,3.0,150.0,-150.0,None,success,2026/03/25
2026-03-25,traders_min,USD/JPY,みんなのFX,3.0,150.0,-150.0,None,success,2026/03/25
2026-03-26,dmm,USD/JPY,DMM FX,3.0,137.0,-140.0,None,success,2026/03/26
2026-03-26,gaitame,USD/JPY,外為どっとコム,1.0,133.0,-163.0,None,success,2026/03/26
2026-03-26,gmo,USD/JPY,GMO外貨,1.0,154.0,-154.0,None,success,2026/03/26
2026-03-26,gmo_click,USD/JPY,GMOクリック証券,1.0,138.0,-138.0,None,success,2026/03/26
2026-03-26,hirose,USD/JPY,ヒロセ通商,1.0,135.0,-170.0,None,success,2026/03/26
2026-03-26,sbi,USD/JPY,SBI FXトレード,None,None,None,None,error,None
2026-03-26,traders_light,USD/JPY,LIGHT FX,1.0,150.0,-150.0,None,success,2026/03/26
2026-03-26,traders_min,USD/JPY,みんなのFX,1.0,None,None,None,error,None
2026-03-27,gmo_click,USD/JPY,GMOクリック証券,1.0,None,None,None,error,None
2026-03-31,central_tanshi,USD/JPY,セントラル短資FX,1.0,165.0,-264.0,4/1,success,2026/03/31
2026-03-31,dmm,USD/JPY,DMM FX,1.0,137.0,-140.0,None,success,2026/03/31
2026-03-31,gaitame,USD/JPY,外為どっとコム,1.0,135.0,-165.0,None,success,2026/03/31
2026-03-31,gmo,USD/JPY,GMO外貨,1.0,169.0,-169.0,None,success,2026/03/31
2026-03-31,gmo_click,USD/JPY,GMOクリック証券,1.0,141.0,-141.0,None,success,2026/03/31
2026-03-31,hirose,USD/JPY,ヒロセ通商,1.0,124.0,-154.0,None,success,2026/03/31
2026-03-31,invast,USD/JPY,トライオートFX,1.0,170.0,-245.0,None,success,2026/03/31
2026-03-31,jfx,USD/JPY,JFX,1.0,124.0,-154.0,None,success,2026/03/31
2026-03-31,sbi,USD/JPY,SBI FXトレード,1.0,135.0,-143.0,04月02日,success,2026/03/31
2026-03-31,traders_light,USD/JPY,LIGHT FX,1.0,165.0,-165.0,None,success,2026/03/31
2026-03-31,traders_min,USD/JPY,みんなのFX,1.0,165.0,-165.0,None,success,2026/03/31
2026-04-01,central_tanshi,USD/JPY,セントラル短資FX,1.0,165.0,-264.0,4/2,success,2026/04/01
2026-04-01,dmm,USD/JPY,DMM FX,1.0,139.0,-142.0,None,success,2026/04/01
2026-04-01,gaitame,USD/JPY,外為どっとコム,1.0,134.0,-164.0,None,success,2026/04/01
2026-04-01,gmo,USD/JPY,GMO外貨,1.0,165.0,None,None,success,2026/04/01
2026-04-01,gmo_click,USD/JPY,GMOクリック証券,3.0,139.0,-139.0,None,success,2026/04/01
2026-04-01,hirose,USD/JPY,ヒロセ通商,3.0,124.0,-154.0,None,success,2026/04/01
2026-04-01,invast,USD/JPY,トライオートFX,1.0,170.0,-245.0,None,success,2026/04/01
2026-04-01,jfx,USD/JPY,JFX,3.0,124.0,-154.0,None,success,2026/04/01
2026-04-01,sbi,USD/JPY,SBI FXトレード,1.0,134.0,-142.0,04月03日,success,2026/04/01
2026-04-01,traders_light,USD/JPY,LIGHT FX,3.0,135.0,-135.0,None,success,2026/04/01
2026-04-01,traders_min,USD/JPY,みんなのFX,3.0,135.0,-135.0,None,success,2026/04/01
2026-04-03,central_tanshi,USD/JPY,セントラル短資FX,1.0,157.0,-256.0,4/6,success,2026/04/03
2026-04-03,dmm,USD/JPY,DMM FX,1.0,135.0,-138.0,None,success,2026/04/03
2026-04-03,gaitame,USD/JPY,外為どっとコム,1.0,131.0,-161.0,None,success,2026/04/03
2026-04-03,gmo,USD/JPY,GMO外貨,1.0,155.0,-155.0,None,success,2026/04/03
2026-04-03,gmo_click,USD/JPY,GMOクリック証券,1.0,140.0,-140.0,None,success,2026/04/03
2026-04-03,hirose,USD/JPY,ヒロセ通商,1.0,142.0,-172.0,None,success,2026/04/03
2026-04-03,invast,USD/JPY,トライオートFX,1.0,160.0,-235.0,None,success,2026/04/03
2026-04-03,jfx,USD/JPY,JFX,1.0,132.0,-162.0,None,success,2026/04/03
2026-04-03,sbi,USD/JPY,SBI FXトレード,1.0,132.0,-140.0,04月07日,success,2026/04/03
2026-04-03,traders_light,USD/JPY,LIGHT FX,None,150.0,-150.0,None,error,2026/04/03
2026-04-03,traders_min,USD/JPY,みんなのFX,1.0,150.0,-150.0,None,success,2026/04/03
2026-04-06,central_tanshi,USD/JPY,セントラル短資FX,1.0,157.0,-256.0,4/7,success,2026/04/06
2026-04-06,dmm,USD/JPY,DMM FX,1.0,135.0,-138.0,None,success,2026/04/06
2026-04-06,gaitame,USD/JPY,外為どっとコム,1.0,135.0,-165.0,None,success,2026/04/06
2026-04-06,gmo,USD/JPY,GMO外貨,1.0,155.0,-155.0,None,success,2026/04/06
2026-04-06,gmo_click,USD/JPY,GMOクリック証券,1.0,145.0,-145.0,None,success,2026/04/06
2026-04-06,hirose,USD/JPY,ヒロセ通商,1.0,138.0,-173.0,None,success,2026/04/06
2026-04-06,invast,USD/JPY,トライオートFX,1.0,160.0,-235.0,None,success,2026/04/06
2026-04-06,jfx,USD/JPY,JFX,1.0,141.0,-171.0,None,success,2026/04/06
2026-04-06,saxo,USD/JPY,サクソバンク証券,1,80.0,-202.0,,success,2026-04-06
2026-04-06,sbi,USD/JPY,SBI FXトレード,None,None,None,None,error,None
2026-04-06,traders_light,USD/JPY,LIGHT FX,1.0,160.0,-160.0,04/06,success,2026/04/06
2026-04-06,traders_min,USD/JPY,みんなのFX,1.0,160.0,-160.0,None,success,2026/04/06
2026-04-07,central_tanshi,USD/JPY,セントラル短資FX,1.0,160.0,-259.0,4/8,success,2026/04/07
2026-04-07,dmm,USD/JPY,DMM FX,1.0,135.0,-138.0,None,success,2026/04/07
2026-04-07,gaitame,USD/JPY,外為どっとコム,1.0,135.0,-165.0,None,success,2026/04/07
2026-04-07,gmo,USD/JPY,GMO外貨,1.0,160.0,-160.0,None,success,2026/04/07
2026-04-07,gmo_click,USD/JPY,GMOクリック証券,1.0,150.0,-150.0,None,success,2026/04/07
2026-04-07,hirose,USD/JPY,ヒロセ通商,1.0,141.0,-171.0,None,success,2026/04/07
2026-04-07,invast,USD/JPY,トライオートFX,1.0,160.0,-235.0,None,success,2026/04/07
2026-04-07,jfx,USD/JPY,JFX,1.0,141.0,-171.0,None,success,2026/04/07
2026-04-07,saxo,USD/JPY,サクソバンク証券,1,80.0,-196.0,,success,2026-04-07
2026-04-07,sbi,USD/JPY,SBI FXトレード,1.0,135.0,-143.0,04月09日,success,2026/04/07
2026-04-07,traders_light,USD/JPY,LIGHT FX,1.0,160.0,-160.0,None,success,2026/04/07
2026-04-07,traders_min,USD/JPY,みんなのFX,1.0,160.0,-160.0,None,success,2026/04/07
2026-04-08,central_tanshi,USD/JPY,セントラル短資FX,1.0,160.0,-259.0,4/9,success,2026/04/08
2026-04-08,dmm,USD/JPY,DMM FX,1.0,139.0,-142.0,None,success,2026/04/08
2026-04-08,gaitame,USD/JPY,外為どっとコム,1.0,132.0,-162.0,None,success,2026/04/08
2026-04-08,gmo,USD/JPY,GMO外貨,1.0,160.0,None,None,success,2026/04/08
2026-04-08,gmo_click,USD/JPY,GMOクリック証券,1.0,447.0,-447.0,None,error,2026/04/08
2026-04-08,hirose,USD/JPY,ヒロセ通商,1.0,135.0,-170.0,None,success,2026/04/08
2026-04-08,invast,USD/JPY,トライオートFX,1.0,160.0,-235.0,None,success,2026/04/08
2026-04-08,jfx,USD/JPY,JFX,1.0,135.0,-170.0,None,success,2026/04/08
2026-04-08,saxo,USD/JPY,サクソバンク証券,1,78.0,-193.0,,success,2026-04-08
2026-04-08,sbi,USD/JPY,SBI FXトレード,None,None,None,None,error,None
2026-04-08,traders_light,USD/JPY,LIGHT FX,1.0,130.0,-130.0,None,success,2026/04/08
2026-04-08,traders_min,USD/JPY,みんなのFX,1.0,130.0,-130.0,04/08,success,2026/04/08
2026-04-09,central_tanshi,USD/JPY,セントラル短資FX,1.0,None,None,None,error,None
2026-04-09,dmm,USD/JPY,DMM FX,1.0,139.0,-142.0,None,success,2026/04/09
2026-04-09,gaitame,USD/JPY,外為どっとコム,1.0,130.0,-160.0,None,success,2026/04/09
2026-04-09,gmo,USD/JPY,GMO外貨,1.0,150.0,-150.0,None,success,2026/04/09
2026-04-09,gmo_click,USD/JPY,GMOクリック証券,1.0,144.0,-144.0,None,success,2026/04/09
2026-04-09,hirose,USD/JPY,ヒロセ通商,1.0,140.0,-170.0,None,success,2026/04/09
2026-04-09,invast,USD/JPY,トライオートFX,1.0,160.0,-235.0,None,success,2026/04/09
2026-04-09,jfx,USD/JPY,JFX,1.0,133.0,-163.0,None,success,2026/04/09
2026-04-09,saxo,USD/JPY,サクソバンク証券,3,74.67,-189.67,,success,2026-04-09
2026-04-09,sbi,USD/JPY,SBI FXトレード,None,None,None,None,error,None
2026-04-09,traders_light,USD/JPY,LIGHT FX,1.0,None,None,04/09,error,2026/04/09
2026-04-09,traders_min,USD/JPY,みんなのFX,1.0,130.0,-130.0,None,success,2026/04/09
2026-04-10,central_tanshi,USD/JPY,セントラル短資FX,1.0,155.0,-254.0,4/13,success,2026/04/10
2026-04-10,dmm,USD/JPY,DMM FX,1.0,138.0,-141.0,None,success,2026/04/10
2026-04-10,gaitame,USD/JPY,外為どっとコム,1.0,130.0,-160.0,None,success,2026/04/10
2026-04-10,gmo,USD/JPY,GMO外貨,1.0,144.0,-144.0,None,success,2026/04/10
2026-04-10,gmo_click,USD/JPY,GMOクリック証券,1.0,140.0,-140.0,None,success,2026/04/10
2026-04-10,hirose,USD/JPY,ヒロセ通商,1.0,140.0,-170.0,None,success,2026/04/10
2026-04-10,invast,USD/JPY,トライオートFX,1.0,160.0,-235.0,None,success,2026/04/10
2026-04-10,jfx,USD/JPY,JFX,1.0,133.0,-163.0,None,success,2026/04/10
2026-04-10,saxo,USD/JPY,サクソバンク証券,1,76.0,-192.0,None,success,2026-04-10
2026-04-10,sbi,USD/JPY,SBI FXトレード,1.0,132.0,-140.0,04月14日,success,2026/04/10
2026-04-10,traders_light,USD/JPY,LIGHT FX,1.0,140.0,-140.0,None,success,2026/04/10
2026-04-10,traders_min,USD/JPY,みんなのFX,1.0,140.0,-140.0,None,success,2026/04/10
2026-04-13,central_tanshi,USD/JPY,セントラル短資FX,1.0,155,-254,4/14,success,2026/04/13
2026-04-13,dmm,USD/JPY,DMM FX,1.0,137.0,None,04/13,success,2026/04/13
2026-04-13,gaitame,USD/JPY,外為どっとコム,1.0,130.0,-160.0,None,success,2026/04/13
2026-04-13,gmo,USD/JPY,GMO外貨,1.0,None,None,None,error,2026/04/13
2026-04-13,gmo_click,USD/JPY,GMOクリック証券,1.0,145.0,-145.0,None,success,2026/04/13
2026-04-13,hirose,USD/JPY,ヒロセ通商,1.0,140.0,-170.0,None,success,2026/04/13
2026-04-13,invast,USD/JPY,トライオートFX,1.0,None,None,None,error,None
2026-04-13,jfx,USD/JPY,JFX,1.0,140.0,-170.0,None,success,2026/04/13
2026-04-13,saxo,USD/JPY,サクソバンク証券,1.0,None,None,None,error,None
2026-04-13,sbi,USD/JPY,SBI FXトレード,None,None,None,None,error,None
2026-04-13,traders_light,USD/JPY,LIGHT FX,1.0,None,None,None,error,None
2026-04-13,traders_min,USD/JPY,みんなのFX,1.0,150.0,None,None,error,2026/04/13
2026-04-14,central_tanshi,USD/JPY,セントラル短資FX,1.0,155.0,-254.0,4/15,success,2026/04/14
2026-04-14,dmm,USD/JPY,DMM FX,1.0,137.0,None,None,success,2026/04/14
2026-04-14,gaitame,USD/JPY,外為どっとコム,1.0,130.0,-160.0,None,success,2026/04/14
2026-04-14,gmo,USD/JPY,GMO外貨,1.0,151.0,-151.0,None,success,2026/04/14
2026-04-14,gmo_click,USD/JPY,GMOクリック証券,1.0,146.0,-146.0,None,success,2026/04/14
2026-04-14,hirose,USD/JPY,ヒロセ通商,1.0,145.0,-175.0,None,success,2026/04/14
2026-04-14,invast,USD/JPY,トライオートFX,1.0,150.0,-225.0,None,success,2026/04/14
2026-04-14,jfx,USD/JPY,JFX,1.0,145.0,-175.0,None,success,2026/04/14
2026-04-14,saxo,USD/JPY,サクソバンク証券,None,None,None,None,error,None
2026-04-14,sbi,USD/JPY,SBI FXトレード,1.0,133.0,-141.0,04月16日,success,2026/04/14
2026-04-14,traders_light,USD/JPY,LIGHT FX,1.0,150.0,-150.0,None,success,2026/04/14
2026-04-14,traders_min,USD/JPY,みんなのFX,1.0,150.0,-150.0,None,success,2026/04/14
2026-04-15,central_tanshi,USD/JPY,セントラル短資FX,3.0,155,-254,4/16,success,2026/04/15
2026-04-15,dmm,USD/JPY,DMM FX,1.0,138.0,None,None,success,2026/04/15
2026-04-15,gaitame,USD/JPY,外為どっとコム,1.0,132.0,-162.0,None,success,2026/04/15
2026-04-15,gmo,USD/JPY,GMO外貨,1.0,None,None,None,error,2026/04/15
2026-04-15,gmo_click,USD/JPY,GMOクリック証券,1.0,141.0,-141.0,None,success,2026/04/15
2026-04-15,hirose,USD/JPY,ヒロセ通商,1.0,132.0,-167.0,None,success,2026/04/15
2026-04-15,invast,USD/JPY,トライオートFX,1.0,None,None,None,error,None
2026-04-15,jfx,USD/JPY,JFX,1.0,132.0,-167.0,None,success,2026/04/15
2026-04-15,saxo,USD/JPY,サクソバンク証券,1.0,None,None,None,error,None
2026-04-15,sbi,USD/JPY,SBI FXトレード,1.0,133.0,-141.0,04月17日,success,2026/04/15
2026-04-15,traders_light,USD/JPY,LIGHT FX,1.0,None,None,None,error,None
2026-04-15,traders_min,USD/JPY,みんなのFX,1.0,None,None,None,error,None
2026-04-16,central_tanshi,USD/JPY,セントラル短資FX,1.0,155.0,-254.0,4/17,success,2026/04/16
2026-04-16,gaitame,USD/JPY,外為どっとコム,1.0,130.0,-160.0,None,success,2026/04/16
2026-04-16,gmo,USD/JPY,GMO外貨,1.0,139.0,-139.0,None,success,2026/04/16
2026-04-16,gmo_click,USD/JPY,GMOクリック証券,1.0,136.0,-136.0,None,success,2026/04/16
2026-04-16,hirose,USD/JPY,ヒロセ通商,1.0,130.0,-160.0,None,success,2026/04/16
2026-04-16,invast,USD/JPY,トライオートFX,1.0,150.0,-225.0,None,success,2026/04/16
2026-04-16,jfx,USD/JPY,JFX,1.0,130.0,-160.0,None,success,2026/04/16
2026-04-16,sbi,USD/JPY,SBI FXトレード,1.0,132.0,-140.0,04月20日,success,2026/04/16
2026-04-16,traders_light,USD/JPY,LIGHT FX,1.0,130.0,-130.0,None,success,2026/04/16
2026-04-16,traders_min,USD/JPY,みんなのFX,1.0,130.0,-130.0,None,success,2026/04/16
2026-04-17,central_tanshi,USD/JPY,セントラル短資FX,1.0,155.0,-254.0,4/20,success,2026/04/17
2026-04-17,dmm,USD/JPY,DMM FX,1.0,137.0,None,None,success,2026/04/17
2026-04-17,gaitame,USD/JPY,外為どっとコム,1.0,130.0,-160.0,None,success,2026/04/17
2026-04-17,gmo,USD/JPY,GMO外貨,1.0,138.0,-138.0,None,success,2026/04/17
2026-04-17,gmo_click,USD/JPY,GMOクリック証券,1.0,138.0,-138.0,None,success,2026/04/17
2026-04-17,hirose,USD/JPY,ヒロセ通商,1.0,132.0,-162.0,None,success,2026/04/17
2026-04-17,invast,USD/JPY,トライオートFX,1.0,150.0,-225.0,None,success,2026/04/17
2026-04-17,jfx,USD/JPY,JFX,1.0,132.0,-162.0,None,success,2026/04/17
2026-04-17,saxo,USD/JPY,サクソバンク証券,1.0,None,None,None,error,None
2026-04-17,sbi,USD/JPY,SBI FXトレード,1.0,131.0,-139.0,04月21日,success,2026/04/17
2026-04-17,traders_light,USD/JPY,LIGHT FX,1.0,140.0,-140.0,None,success,2026/04/17
2026-04-17,traders_min,USD/JPY,みんなのFX,1.0,140.0,-140.0,None,success,2026/04/17
2026-04-20,central_tanshi,USD/JPY,セントラル短資FX,1.0,155,-254,4/21,success,2026/04/20
2026-04-20,dmm,USD/JPY,DMM FX,1.0,136.0,None,None,success,2026/04/20
2026-04-20,gaitame,USD/JPY,外為どっとコム,1.0,130.0,-160.0,None,success,2026/04/20
2026-04-20,gmo,USD/JPY,GMO外貨,1.0,130.0,-130.0,None,success,2026/04/20
2026-04-20,gmo_click,USD/JPY,GMOクリック証券,1.0,143.0,-143.0,None,success,2026/04/20
2026-04-20,hirose,USD/JPY,ヒロセ通商,1.0,130.0,-160.0,None,success,2026/04/20
2026-04-20,jfx,USD/JPY,JFX,1.0,130.0,-160.0,None,success,2026/04/20
2026-04-20,saxo,USD/JPY,サクソバンク証券,1.0,None,None,None,error,None
2026-04-20,sbi,USD/JPY,SBI FXトレード,None,None,None,04月22日,error,2026/04/20
2026-04-20,traders_light,USD/JPY,LIGHT FX,1.0,130.0,-130.0,None,success,2026/04/20
2026-04-20,traders_min,USD/JPY,みんなのFX,1.0,130.0,-130.0,None,success,2026/04/20
2026-04-20,invast,USD/JPY,トライオートFX,1.0,150.0,-225.0,None,success,2026/04/20
2026-04-21,central_tanshi,USD/JPY,セントラル短資FX,1.0,155,-254,4/22,success,2026/04/21
2026-04-21,dmm,USD/JPY,DMM FX,1.0,136.0,None,None,success,2026/04/21
2026-04-21,gaitame,USD/JPY,外為どっとコム,1.0,130.0,-160.0,None,success,2026/04/21
2026-04-21,gmo,USD/JPY,GMO外貨,1.0,132.0,-132.0,None,success,2026/04/21
2026-04-21,gmo_click,USD/JPY,GMOクリック証券,1.0,138.0,-138.0,None,success,2026/04/21
2026-04-21,hirose,USD/JPY,ヒロセ通商,1.0,125.0,-155.0,None,success,2026/04/21
2026-04-21,invast,USD/JPY,トライオートFX,1.0,None,None,None,error,None
2026-04-21,jfx,USD/JPY,JFX,1.0,125.0,-155.0,None,success,2026/04/21
2026-04-21,saxo,USD/JPY,サクソバンク証券,1.0,None,None,None,error,None
2026-04-21,sbi,USD/JPY,SBI FXトレード,1.0,131.0,-139.0,04月23日,success,2026/04/21
2026-04-21,traders_light,USD/JPY,LIGHT FX,1.0,130.0,-130.0,None,success,2026/04/21
2026-04-21,traders_min,USD/JPY,みんなのFX,1.0,130.0,-130.0,None,success,2026/04/21
2026-04-22,central_tanshi,USD/JPY,セントラル短資FX,3.0,155,-254,4/23,success,2026/04/22
2026-04-22,dmm,USD/JPY,DMM FX,1.0,136.0,None,None,success,2026/04/22
2026-04-22,gaitame,USD/JPY,外為どっとコム,1.0,130.0,-160.0,None,success,2026/04/22
2026-04-22,gmo,USD/JPY,GMO外貨,1.0,138.0,-138.0,None,success,2026/04/22
2026-04-22,gmo_click,USD/JPY,GMOクリック証券,1.0,143.0,-143.0,None,success,2026/04/22
2026-04-22,hirose,USD/JPY,ヒロセ通商,1.0,132.0,-162.0,None,success,2026/04/22
2026-04-22,invast,USD/JPY,トライオートFX,1.0,None,None,None,error,None
2026-04-22,jfx,USD/JPY,JFX,1.0,132.0,-162.0,None,success,2026/04/22
2026-04-22,saxo,USD/JPY,サクソバンク証券,1.0,None,None,None,error,None
2026-04-22,sbi,USD/JPY,SBI FXトレード,1.0,132.0,-140.0,04月24日,success,2026/04/22
2026-04-22,traders_light,USD/JPY,LIGHT FX,1.0,None,None,None,error,2026/04/21
2026-04-22,traders_min,USD/JPY,みんなのFX,1.0,None,None,None,error,2026/04/21
2026-04-23,central_tanshi,USD/JPY,セントラル短資FX,1.0,155,-254,4/24,success,2026/04/23
2026-04-23,dmm,USD/JPY,DMM FX,1.0,136.0,None,None,success,2026/04/22
2026-04-23,gaitame,USD/JPY,外為どっとコム,1.0,130.0,-160.0,None,success,2026/04/23
2026-04-23,gmo,USD/JPY,GMO外貨,1.0,145.0,-145.0,None,success,2026/04/23
2026-04-23,gmo_click,USD/JPY,GMOクリック証券,1.0,144.0,-144.0,None,success,2026/04/23
2026-04-23,hirose,USD/JPY,ヒロセ通商,1.0,140.0,-170.0,None,success,2026/04/23
2026-04-23,invast,USD/JPY,トライオートFX,1.0,145.0,-220.0,None,success,2026/04/23
2026-04-23,jfx,USD/JPY,JFX,1.0,140.0,-170.0,None,success,2026/04/23
2026-04-23,saxo,USD/JPY,サクソバンク証券,1.0,None,None,None,error,None
2026-04-23,sbi,USD/JPY,SBI FXトレード,1.0,131.0,-139.0,04月27日,success,2026/04/23
2026-04-23,traders_light,USD/JPY,LIGHT FX,1.0,145.0,-145.0,None,success,2026/04/23
2026-04-23,traders_min,USD/JPY,みんなのFX,1.0,145.0,-145.0,None,success,2026/04/23
2026-04-24,central_tanshi,USD/JPY,セントラル短資FX,1.0,150.0,-249.0,4/27,success,2026/04/24
2026-04-24,dmm,USD/JPY,DMM FX,1.0,136.0,None,None,success,2026/04/24
2026-04-24,gaitame,USD/JPY,外為どっとコム,1.0,140.0,-170.0,None,success,2026/04/24
2026-04-24,gmo,USD/JPY,GMO外貨,1.0,145.0,-145.0,None,success,2026/04/24
2026-04-24,gmo_click,USD/JPY,GMOクリック証券,1.0,143.0,-143.0,None,success,2026/04/24
2026-04-24,hirose,USD/JPY,ヒロセ通商,1.0,145.0,-180.0,None,success,2026/04/24
2026-04-24,invast,USD/JPY,トライオートFX,1.0,151.0,-226.0,None,success,2026/04/24
2026-04-24,jfx,USD/JPY,JFX,1.0,145.0,-180.0,None,success,2026/04/24
2026-04-24,saxo,USD/JPY,サクソバンク証券,1.0,75.0,-191.0,None,success,2026/04/24
2026-04-24,sbi,USD/JPY,SBI FXトレード,1.0,131.0,-139.0,04月28日,success,2026/04/24
2026-04-24,traders_light,USD/JPY,LIGHT FX,1.0,150.0,-150.0,None,success,2026/04/24
2026-04-24,traders_min,USD/JPY,みんなのFX,1.0,150.0,-150.0,None,success,2026/04/24
2026-04-27,central_tanshi,USD/JPY,セントラル短資FX,1.0,146.0,-245.0,4/28,success,2026/04/27
2026-04-27,dmm,USD/JPY,DMM FX,1.0,136.0,-139.0,None,success,2026/04/27
2026-04-27,gaitame,USD/JPY,外為どっとコム,1.0,140.0,-170.0,None,success,2026/04/27
2026-04-27,gmo,USD/JPY,GMO外貨,1.0,150.0,-150.0,None,success,2026/04/27
2026-04-27,gmo_click,USD/JPY,GMOクリック証券,1.0,150.0,-150.0,None,success,2026/04/27
2026-04-27,hirose,USD/JPY,ヒロセ通商,1.0,140.0,-170.0,None,success,2026/04/27
2026-04-27,invast,USD/JPY,トライオートFX,1.0,None,None,None,error,None
2026-04-27,jfx,USD/JPY,JFX,1.0,140.0,-170.0,None,success,2026/04/27
2026-04-27,sbi,USD/JPY,SBI FXトレード,None,None,None,04月30日,error,2026/04/27
2026-04-27,traders_light,USD/JPY,LIGHT FX,1.0,140.0,-140.0,None,success,2026/04/27
2026-04-27,traders_min,USD/JPY,みんなのFX,1.0,140.0,-140.0,None,success,2026/04/27
2026-04-28,central_tanshi,USD/JPY,セントラル短資FX,1.0,0.0,0.0,None,error,2026/04/28
2026-04-28,dmm,USD/JPY,DMM FX,1.0,136.0,-139.0,None,success,2026/04/28
2026-04-28,gaitame,USD/JPY,外為どっとコム,1.0,131.0,-161.0,None,success,2026/04/28
2026-04-28,gmo,USD/JPY,GMO外貨,1.0,0.0,0.0,None,error,2026/04/28
2026-04-28,gmo_click,USD/JPY,GMOクリック証券,1.0,0.0,0.0,None,error,2026/04/28
2026-04-28,hirose,USD/JPY,ヒロセ通商,1.0,140.0,-175.0,None,success,2026/04/28
2026-04-28,invast,USD/JPY,トライオートFX,1.0,None,None,None,error,None
2026-04-28,jfx,USD/JPY,JFX,1.0,140.0,-175.0,None,success,2026/04/28
2026-04-28,sbi,USD/JPY,SBI FXトレード,1.0,133.0,-141.0,05月01日,success,2026/04/28
2026-04-28,traders_light,USD/JPY,LIGHT FX,1.0,None,None,None,error,2026/04/27
2026-04-28,traders_min,USD/JPY,みんなのFX,1.0,None,None,None,error,None
2026-04-30,central_tanshi,USD/JPY,セントラル短資FX,1.0,151.0,-250.0,5/1,success,2026/04/30
2026-04-30,dmm,USD/JPY,DMM FX,1.0,141.0,-144.0,None,success,2026/04/30
2026-04-30,gaitame,USD/JPY,外為どっとコム,1.0,138.0,-168.0,None,success,2026/04/30
2026-04-30,gmo,USD/JPY,GMO外貨,1.0,150.0,-150.0,None,success,2026/04/30
2026-04-30,gmo_click,USD/JPY,GMOクリック証券,1.0,148.0,-148.0,None,success,2026/04/30
2026-04-30,hirose,USD/JPY,ヒロセ通商,1.0,146.0,-176.0,None,success,2026/04/30
2026-04-30,invast,USD/JPY,トライオートFX,1.0,None,None,None,error,None
2026-04-30,jfx,USD/JPY,JFX,1.0,146.0,-176.0,None,success,2026/04/30
2026-04-30,sbi,USD/JPY,SBI FXトレード,None,None,None,None,error,None
2026-04-30,traders_light,USD/JPY,LIGHT FX,1.0,160.0,-160.0,None,success,2026/04/30
2026-04-30,traders_min,USD/JPY,みんなのFX,1.0,160.0,-160.0,None,success,2026/04/30
2026-05-01,central_tanshi,USD/JPY,セントラル短資FX,1.0,0.0,0.0,None,error,2026/05/01
2026-05-01,dmm,USD/JPY,DMM FX,1.0,143.0,-146.0,None,success,2026/05/01
2026-05-01,gaitame,USD/JPY,外為どっとコム,1.0,145.0,-175.0,None,success,2026/05/01
2026-05-01,gmo,USD/JPY,GMO外貨,1.0,0.0,0.0,None,error,2026/05/01
2026-05-01,gmo_click,USD/JPY,GMOクリック証券,1.0,0.0,0.0,None,error,2026/05/01
2026-05-01,hirose,USD/JPY,ヒロセ通商,1.0,134.0,-169.0,None,success,2026/05/01
2026-05-01,invast,USD/JPY,トライオートFX,1.0,None,None,None,error,None
2026-05-01,jfx,USD/JPY,JFX,1.0,134.0,-169.0,None,success,2026/05/01
2026-05-01,sbi,USD/JPY,SBI FXトレード,1.0,135.0,-143.0,05月08日,success,2026/05/01
2026-05-01,traders_light,USD/JPY,LIGHT FX,1.0,160.0,-160.0,None,success,2026/04/30
2026-05-01,traders_min,USD/JPY,みんなのFX,1.0,None,None,None,error,None
2026-05-04,central_tanshi,USD/JPY,セントラル短資FX,1.0,0.0,0.0,None,error,2026/05/04
2026-05-04,dmm,USD/JPY,DMM FX,1.0,0.0,0.0,None,error,2026/05/04
2026-05-04,gaitame,USD/JPY,外為どっとコム,1.0,0.0,0.0,None,error,2026/05/04
2026-05-04,gmo,USD/JPY,GMO外貨,1.0,0.0,0.0,None,error,2026/05/04
2026-05-04,gmo_click,USD/JPY,GMOクリック証券,1.0,0.0,0.0,None,error,2026/05/04
2026-05-04,hirose,USD/JPY,ヒロセ通商,1.0,0.0,0.0,None,error,2026/05/04
2026-05-04,invast,USD/JPY,トライオートFX,1.0,None,None,None,error,None
2026-05-04,jfx,USD/JPY,JFX,1.0,0.0,0.0,None,error,2026/05/04
2026-05-04,sbi,USD/JPY,SBI FXトレード,None,None,None,None,error,None
2026-05-04,traders_light,USD/JPY,LIGHT FX,1.0,None,None,None,error,None
2026-05-04,traders_min,USD/JPY,みんなのFX,1.0,None,None,05/04,success,2026/05/04
2026-05-05,central_tanshi,USD/JPY,セントラル短資FX,1.0,0.0,0.0,None,error,2026/05/05
2026-05-05,dmm,USD/JPY,DMM FX,1.0,0.0,0.0,None,error,2026/05/05
2026-05-05,gaitame,USD/JPY,外為どっとコム,1.0,0.0,0.0,None,error,2026/05/05
2026-05-05,gmo,USD/JPY,GMO外貨,1.0,0.0,0.0,None,error,2026/05/05
2026-05-05,gmo_click,USD/JPY,GMOクリック証券,1.0,0.0,0.0,None,error,2026/05/05
2026-05-05,hirose,USD/JPY,ヒロセ通商,1.0,0.0,0.0,None,error,2026/05/05
2026-05-05,invast,USD/JPY,トライオートFX,1.0,None,None,None,error,None
2026-05-05,jfx,USD/JPY,JFX,1.0,0.0,0.0,None,error,2026/05/05
2026-05-05,sbi,USD/JPY,SBI FXトレード,0.0,0.0,0.0,05月08日,error,2026/05/05
2026-05-05,traders_light,USD/JPY,LIGHT FX,1.0,None,None,05/05,error,2026/05/05
2026-05-05,traders_min,USD/JPY,みんなのFX,1.0,None,None,05/05,success,2026/05/05
2026-05-06,central_tanshi,USD/JPY,セントラル短資FX,1.0,151.0,-250.0,5/7,success,2026/05/06
2026-05-06,dmm,USD/JPY,DMM FX,1.0,0.0,0.0,None,error,2026/05/06
2026-05-06,gaitame,USD/JPY,外為どっとコム,1.0,0.0,0.0,None,error,2026/05/06
2026-05-06,gmo,USD/JPY,GMO外貨,1.0,144.0,-144.0,None,success,2026/05/06
2026-05-06,gmo_click,USD/JPY,GMOクリック証券,1.0,142.0,-142.0,None,success,2026/05/06
2026-05-06,hirose,USD/JPY,ヒロセ通商,1.0,0.0,0.0,None,error,2026/05/06
2026-05-06,invast,USD/JPY,トライオートFX,1.0,None,None,None,error,None
2026-05-06,jfx,USD/JPY,JFX,1.0,0.0,0.0,None,error,2026/05/06
2026-05-06,sbi,USD/JPY,SBI FXトレード,0.0,0.0,0.0,05月08日,error,2026/05/06
2026-05-06,traders_light,USD/JPY,LIGHT FX,1.0,140.0,-140.0,None,success,2026/05/06
2026-05-06,traders_min,USD/JPY,みんなのFX,1.0,140.0,-140.0,None,success,2026/05/06
2026-05-07,central_tanshi,USD/JPY,セントラル短資FX,1.0,151.0,-250.0,5/8,success,2026/05/07
2026-05-07,dmm,USD/JPY,DMM FX,1.0,134.0,-137.0,None,success,2026/05/07
2026-05-07,gaitame,USD/JPY,外為どっとコム,1.0,128.0,-158.0,None,success,2026/05/07
2026-05-07,gmo,USD/JPY,GMO外貨,1.0,138.0,-138.0,None,success,2026/05/07
2026-05-07,gmo_click,USD/JPY,GMOクリック証券,1.0,137.0,-137.0,None,success,2026/05/07
2026-05-07,hirose,USD/JPY,ヒロセ通商,1.0,126.0,-161.0,None,success,2026/05/07
2026-05-07,invast,USD/JPY,トライオートFX,1.0,None,None,None,error,None
2026-05-07,jfx,USD/JPY,JFX,1.0,141.0,-171.0,None,success,2026/05/07
2026-05-07,sbi,USD/JPY,SBI FXトレード,1.0,127.0,-135.0,05月11日,success,2026/05/07
2026-05-07,traders_light,USD/JPY,LIGHT FX,1.0,125.0,-125.0,None,success,2026/05/07
2026-05-07,traders_min,USD/JPY,みんなのFX,1.0,125.0,-125.0,None,success,2026/05/07
2026-05-08,central_tanshi,USD/JPY,セントラル短資FX,1.0,151.0,-250.0,5/11,success,2026/05/08
2026-05-08,dmm,USD/JPY,DMM FX,1.0,129.0,-132.0,None,success,2026/05/08
2026-05-08,gmo,USD/JPY,GMO外貨,1.0,133.0,-133.0,None,success,2026/05/08
2026-05-08,gmo_click,USD/JPY,GMOクリック証券,1.0,132.0,-132.0,None,success,2026/05/08
2026-05-08,hirose,USD/JPY,ヒロセ通商,1.0,130.0,-160.0,None,success,2026/05/08
2026-05-08,jfx,USD/JPY,JFX,1.0,141.0,-171.0,None,success,2026/05/08
2026-05-08,traders_min,USD/JPY,みんなのFX,1.0,125.0,-125.0,None,success,2026/05/08
2026-05-08,gaitame,USD/JPY,外為どっとコム,1.0,125.0,-155.0,None,success,2026/05/08
2026-05-08,invast,USD/JPY,トライオートFX,1.0,145.0,-220.0,None,success,2026/05/08
2026-05-08,sbi,USD/JPY,SBI FXトレード,1.0,128.0,-136.0,05月12日,success,2026/05/08
2026-05-08,traders_light,USD/JPY,LIGHT FX,1.0,125.0,-125.0,None,success,2026/05/08
2026-05-11,central_tanshi,USD/JPY,セントラル短資FX,1.0,148.0,-247.0,5/12,success,2026/05/11
2026-05-11,dmm,USD/JPY,DMM FX,1.0,128.0,-131.0,None,success,2026/05/11
2026-05-11,gaitame,USD/JPY,外為どっとコム,1.0,125.0,-155.0,None,success,2026/05/11
2026-05-11,gmo,USD/JPY,GMO外貨,1.0,133.0,-133.0,None,success,2026/05/11
2026-05-11,gmo_click,USD/JPY,GMOクリック証券,1.0,132.0,-132.0,None,success,2026/05/11
2026-05-11,hirose,USD/JPY,ヒロセ通商,1.0,130.0,-160.0,None,success,2026/05/11
2026-05-11,invast,USD/JPY,トライオートFX,1.0,None,None,None,error,None
2026-05-11,jfx,USD/JPY,JFX,1.0,141.0,-171.0,None,success,2026/05/11
2026-05-11,sbi,USD/JPY,SBI FXトレード,None,None,None,None,error,None
2026-05-11,traders_light,USD/JPY,LIGHT FX,1.0,125.0,-125.0,None,success,2026/05/11
2026-05-11,traders_min,USD/JPY,みんなのFX,1.0,125.0,-125.0,None,success,2026/05/11
2026-05-12,central_tanshi,USD/JPY,セントラル短資FX,1.0,148.0,-247.0,5/13,success,2026/05/12
2026-05-12,dmm,USD/JPY,DMM FX,1.0,130.0,-133.0,None,success,2026/05/12
2026-05-12,gaitame,USD/JPY,外為どっとコム,1.0,125.0,-155.0,None,success,2026/05/12
2026-05-12,gmo,USD/JPY,GMO外貨,1.0,134.0,-134.0,None,success,2026/05/12
2026-05-12,gmo_click,USD/JPY,GMOクリック証券,1.0,134.0,-134.0,None,success,2026/05/12
2026-05-12,hirose,USD/JPY,ヒロセ通商,1.0,132.0,-162.0,None,success,2026/05/12
2026-05-12,invast,USD/JPY,トライオートFX,1.0,None,None,None,error,None
2026-05-12,jfx,USD/JPY,JFX,1.0,141.0,-171.0,None,success,2026/05/12
2026-05-12,sbi,USD/JPY,SBI FXトレード,1.0,129.0,-137.0,05月14日,success,2026/05/12
2026-05-12,traders_light,USD/JPY,LIGHT FX,1.0,135.0,-135.0,None,success,2026/05/12
2026-05-12,traders_min,USD/JPY,みんなのFX,1.0,135.0,-135.0,None,success,2026/05/12
2026-05-13,central_tanshi,USD/JPY,セントラル短資FX,1.0,148.0,-247.0,5/14,success,2026/05/13
2026-05-13,dmm,USD/JPY,DMM FX,1.0,130.0,-133.0,None,success,2026/05/13
2026-05-13,gaitame,USD/JPY,外為どっとコム,1.0,125.0,-155.0,None,success,2026/05/13
2026-05-13,gmo,USD/JPY,GMO外貨,1.0,139.0,-139.0,None,success,2026/05/13
2026-05-13,gmo_click,USD/JPY,GMOクリック証券,1.0,139.0,-139.0,None,success,2026/05/13
2026-05-13,hirose,USD/JPY,ヒロセ通商,1.0,132.0,-162.0,None,success,2026/05/13
2026-05-13,invast,USD/JPY,トライオートFX,1.0,145.0,-220.0,None,success,2026/05/12
2026-05-13,jfx,USD/JPY,JFX,1.0,141.0,-171.0,None,success,2026/05/13
2026-05-13,sbi,USD/JPY,SBI FXトレード,1.0,129.0,-137.0,05月15日,success,2026/05/13
2026-05-13,traders_light,USD/JPY,LIGHT FX,1.0,139.0,-139.0,None,success,2026/05/13
2026-05-13,traders_min,USD/JPY,みんなのFX,1.0,139.0,-139.0,None,success,2026/05/13
2026-05-14,central_tanshi,USD/JPY,セントラル短資FX,1.0,148.0,-247.0,5/15,success,2026/05/14
2026-05-14,dmm,USD/JPY,DMM FX,1.0,132.0,-135.0,None,success,2026/05/14
2026-05-14,gaitame,USD/JPY,外為どっとコム,1.0,125.0,-155.0,None,success,2026/05/14
2026-05-14,gmo,USD/JPY,GMO外貨,1.0,144.0,-144.0,None,success,2026/05/14
2026-05-14,gmo_click,USD/JPY,GMOクリック証券,1.0,144.0,-144.0,None,success,2026/05/14
2026-05-14,hirose,USD/JPY,ヒロセ通商,1.0,133.0,-163.0,None,success,2026/05/14
2026-05-14,invast,USD/JPY,トライオートFX,1.0,145.0,-220.0,None,success,2026/05/13
2026-05-14,jfx,USD/JPY,JFX,1.0,141.0,-171.0,None,success,2026/05/14
2026-05-14,sbi,USD/JPY,SBI FXトレード,1.0,131.0,-139.0,05月18日,success,2026/05/14
2026-05-14,traders_light,USD/JPY,LIGHT FX,1.0,144.0,-144.0,None,success,2026/05/14
2026-05-14,traders_min,USD/JPY,みんなのFX,1.0,144.0,-144.0,None,success,2026/05/14
2026-05-15,central_tanshi,USD/JPY,セントラル短資FX,1.0,148.0,-247.0,5/18,success,2026/05/15
2026-05-15,dmm,USD/JPY,DMM FX,1.0,134.0,-137.0,None,success,2026/05/15
2026-05-15,gaitame,USD/JPY,外為どっとコム,1.0,140.0,-170.0,None,success,2026/05/15
2026-05-15,gmo,USD/JPY,GMO外貨,1.0,144.0,-144.0,None,success,2026/05/15
2026-05-15,gmo_click,USD/JPY,GMOクリック証券,1.0,144.0,-144.0,None,success,2026/05/15
2026-05-15,hirose,USD/JPY,ヒロセ通商,1.0,131.0,-166.0,None,success,2026/05/15
2026-05-15,invast,USD/JPY,トライオートFX,1.0,145.0,-220.0,None,success,2026/05/14
2026-05-15,jfx,USD/JPY,JFX,1.0,141.0,-171.0,None,success,2026/05/15
2026-05-15,sbi,USD/JPY,SBI FXトレード,1.0,131.0,-139.0,05月19日,success,2026/05/15
2026-05-15,traders_light,USD/JPY,LIGHT FX,1.0,144.0,-144.0,None,success,2026/05/15
2026-05-15,traders_min,USD/JPY,みんなのFX,1.0,144.0,-144.0,None,success,2026/05/15
2026-05-18,central_tanshi,USD/JPY,セントラル短資FX,1.0,148.0,-247.0,5/19,success,2026/05/18
2026-05-18,dmm,USD/JPY,DMM FX,1.0,136.0,-139.0,None,success,2026/05/18
2026-05-18,gaitame,USD/JPY,外為どっとコム,1.0,140.0,-170.0,None,success,2026/05/18
2026-05-18,gmo,USD/JPY,GMO外貨,1.0,145.0,-145.0,None,success,2026/05/18
2026-05-18,gmo_click,USD/JPY,GMOクリック証券,1.0,145.0,-145.0,None,success,2026/05/18
2026-05-18,hirose,USD/JPY,ヒロセ通商,1.0,144.0,-174.0,None,success,2026/05/18
2026-05-18,invast,USD/JPY,トライオートFX,1.0,145.0,-220.0,None,success,2026/05/15
2026-05-18,jfx,USD/JPY,JFX,1.0,141.0,-171.0,None,success,2026/05/18
2026-05-18,sbi,USD/JPY,SBI FXトレード,None,None,None,None,error,None
2026-05-18,traders_light,USD/JPY,LIGHT FX,1.0,150.0,-150.0,None,success,2026/05/18
2026-05-18,traders_min,USD/JPY,みんなのFX,1.0,150.0,-150.0,None,success,2026/05/18
2026-05-19,central_tanshi,USD/JPY,セントラル短資FX,1.0,151.0,-250.0,5/20,success,2026/05/19
2026-05-19,dmm,USD/JPY,DMM FX,1.0,140.0,-143.0,None,success,2026/05/19
2026-05-19,gaitame,USD/JPY,外為どっとコム,1.0,140.0,-170.0,None,success,2026/05/19
2026-05-19,gmo,USD/JPY,GMO外貨,1.0,145.0,-145.0,None,success,2026/05/19
2026-05-19,gmo_click,USD/JPY,GMOクリック証券,1.0,144.0,-144.0,None,success,2026/05/19
2026-05-19,hirose,USD/JPY,ヒロセ通商,1.0,145.0,-175.0,None,success,2026/05/19
2026-05-19,invast,USD/JPY,トライオートFX,1.0,145.0,-220.0,None,success,2026/05/18
2026-05-19,jfx,USD/JPY,JFX,1.0,141.0,-171.0,None,success,2026/05/19
2026-05-19,sbi,USD/JPY,SBI FXトレード,1.0,132.0,-140.0,05月21日,success,2026/05/19
2026-05-19,traders_light,USD/JPY,LIGHT FX,1.0,150.0,-150.0,None,success,2026/05/19
2026-05-19,traders_min,USD/JPY,みんなのFX,1.0,150.0,-150.0,None,success,2026/05/19
2026-05-20,dmm,USD/JPY,DMM FX,1.0,141.0,-144.0,None,success,2026/05/20
2026-05-20,gaitame,USD/JPY,外為どっとコム,1.0,140.0,-170.0,None,success,2026/05/20
2026-05-20,gmo,USD/JPY,GMO外貨,1.0,150.0,-150.0,None,success,2026/05/20
2026-05-20,gmo_click,USD/JPY,GMOクリック証券,1.0,144.0,-144.0,None,success,2026/05/20
2026-05-20,hirose,USD/JPY,ヒロセ通商,1.0,140.0,-170.0,None,success,2026/05/20
2026-05-20,invast,USD/JPY,トライオートFX,1.0,150.0,-225.0,None,success,2026/05/19
2026-05-20,jfx,USD/JPY,JFX,1.0,140.0,-170.0,None,success,2026/05/20
2026-05-20,sbi,USD/JPY,SBI FXトレード,1.0,133.0,-141.0,05月22日,success,2026/05/20
2026-05-20,traders_light,USD/JPY,LIGHT FX,1.0,150.0,-150.0,None,success,2026/05/20
2026-05-20,traders_min,USD/JPY,みんなのFX,1.0,150.0,-150.0,None,success,2026/05/20
2026-05-21,central_tanshi,USD/JPY,セントラル短資FX,1.0,0.0,0.0,None,error,2026/05/21
2026-05-21,dmm,USD/JPY,DMM FX,1.0,141.0,-144.0,None,success,2026/05/21
2026-05-21,gaitame,USD/JPY,外為どっとコム,1.0,140.0,-170.0,None,success,2026/05/21
2026-05-21,gmo,USD/JPY,GMO外貨,1.0,0.0,0.0,None,error,2026/05/21
2026-05-21,gmo_click,USD/JPY,GMOクリック証券,1.0,0.0,0.0,None,error,2026/05/21
2026-05-21,hirose,USD/JPY,ヒロセ通商,1.0,144.0,-174.0,None,success,2026/05/21
2026-05-21,invast,USD/JPY,トライオートFX,1.0,150.0,-225.0,None,success,2026/05/20
2026-05-21,jfx,USD/JPY,JFX,1.0,144.0,-174.0,None,success,2026/05/21
2026-05-21,sbi,USD/JPY,SBI FXトレード,1.0,132.0,-140.0,05月26日,success,2026/05/21
2026-05-21,traders_light,USD/JPY,LIGHT FX,1.0,150.0,-150.0,None,success,2026/05/20
2026-05-21,traders_min,USD/JPY,みんなのFX,1.0,150.0,-150.0,None,success,2026/05/20
2026-05-22,central_tanshi,USD/JPY,セントラル短資FX,1.0,151.0,-250.0,5/25,success,2026/05/22
2026-05-22,dmm,USD/JPY,DMM FX,1.0,0.0,0.0,None,error,2026/05/22
2026-05-22,gmo,USD/JPY,GMO外貨,1.0,150.0,-150.0,None,success,2026/05/22
2026-05-22,gmo_click,USD/JPY,GMOクリック証券,1.0,143.0,-143.0,None,success,2026/05/22
2026-05-22,jfx,USD/JPY,JFX,1.0,0.0,0.0,None,error,2026/05/22
2026-05-22,sbi,USD/JPY,SBI FXトレード,0.0,0.0,0.0,05月26日,error,2026/05/22
2026-05-22,traders_light,USD/JPY,LIGHT FX,1.0,155.0,-155.0,None,success,2026/05/22
2026-05-22,traders_min,USD/JPY,みんなのFX,1.0,155.0,-155.0,None,success,2026/05/22
2026-05-22,gaitame,USD/JPY,外為どっとコム,1.0,140.0,-170.0,None,success,2026/05/22
2026-05-22,hirose,USD/JPY,ヒロセ通商,1.0,145.0,-175.0,None,success,2026/05/22
2026-05-22,invast,USD/JPY,トライオートFX,1.0,150.0,-225.0,None,success,2026/05/22
2026-05-25,central_tanshi,USD/JPY,セントラル短資FX,1.0,151.0,-250.0,5/26,success,2026/05/25
2026-05-25,dmm,USD/JPY,DMM FX,1.0,142.0,-145.0,None,success,2026/05/25
2026-05-25,gaitame,USD/JPY,外為どっとコム,1.0,140.0,-170.0,None,success,2026/05/25
2026-05-25,gmo,USD/JPY,GMO外貨,1.0,150.0,-150.0,None,success,2026/05/25
2026-05-25,gmo_click,USD/JPY,GMOクリック証券,1.0,143.0,-143.0,None,success,2026/05/25
2026-05-25,hirose,USD/JPY,ヒロセ通商,1.0,145.0,-175.0,None,success,2026/05/25
2026-05-25,invast,USD/JPY,トライオートFX,1.0,150.0,-225.0,None,success,2026/05/22
2026-05-25,jfx,USD/JPY,JFX,1.0,145.0,-175.0,None,success,2026/05/25
2026-05-25,sbi,USD/JPY,SBI FXトレード,None,None,None,None,error,None
2026-05-25,traders_light,USD/JPY,LIGHT FX,1.0,155.0,-155.0,None,success,2026/05/25
2026-05-25,traders_min,USD/JPY,みんなのFX,1.0,155.0,-155.0,None,success,2026/05/25
2026-05-26,central_tanshi,USD/JPY,セントラル短資FX,1.0,154.0,-253.0,5/27,success,2026/05/26
2026-05-26,dmm,USD/JPY,DMM FX,1.0,142.0,-145.0,None,success,2026/05/26
2026-05-26,gaitame,USD/JPY,外為どっとコム,1.0,140.0,-170.0,None,success,2026/05/26
2026-05-26,gmo,USD/JPY,GMO外貨,1.0,152.0,-152.0,None,success,2026/05/26
2026-05-26,gmo_click,USD/JPY,GMOクリック証券,1.0,142.0,-142.0,None,success,2026/05/26
2026-05-26,hirose,USD/JPY,ヒロセ通商,1.0,140.0,-175.0,None,success,2026/05/26
2026-05-26,invast,USD/JPY,トライオートFX,1.0,150.0,-225.0,None,success,2026/05/25
2026-05-26,jfx,USD/JPY,JFX,1.0,140.0,-175.0,None,success,2026/05/26
2026-05-26,sbi,USD/JPY,SBI FXトレード,1.0,131.0,-139.0,05月28日,success,2026/05/26
2026-05-26,traders_light,USD/JPY,LIGHT FX,1.0,155.0,-155.0,None,success,2026/05/26
2026-05-26,traders_min,USD/JPY,みんなのFX,1.0,155.0,-155.0,None,success,2026/05/26
2026-05-27,central_tanshi,USD/JPY,セントラル短資FX,1.0,154.0,-253.0,5/28,success,2026/05/27
2026-05-27,dmm,USD/JPY,DMM FX,1.0,142.0,-145.0,None,success,2026/05/27
2026-05-27,gaitame,USD/JPY,外為どっとコム,1.0,140.0,-170.0,None,success,2026/05/27
2026-05-27,gmo,USD/JPY,GMO外貨,1.0,155.0,-155.0,None,success,2026/05/27
2026-05-27,gmo_click,USD/JPY,GMOクリック証券,1.0,144.0,-144.0,None,success,2026/05/27
2026-05-27,hirose,USD/JPY,ヒロセ通商,1.0,142.0,-172.0,None,success,2026/05/27
2026-05-27,invast,USD/JPY,トライオートFX,1.0,150.0,-225.0,None,success,2026/05/26
2026-05-27,jfx,USD/JPY,JFX,1.0,142.0,-172.0,None,success,2026/05/27
2026-05-27,sbi,USD/JPY,SBI FXトレード,1.0,130.0,-138.0,05月29日,success,2026/05/27
2026-05-27,traders_light,USD/JPY,LIGHT FX,1.0,155.0,-155.0,None,success,2026/05/27
2026-05-27,traders_min,USD/JPY,みんなのFX,1.0,155.0,-155.0,None,success,2026/05/27
2026-05-28,central_tanshi,USD/JPY,セントラル短資FX,1.0,154.0,-253.0,5/29,success,2026/05/28
2026-05-28,dmm,USD/JPY,DMM FX,1.0,141.0,-144.0,None,success,2026/05/28
2026-05-28,gaitame,USD/JPY,外為どっとコム,1.0,150.0,-180.0,None,success,2026/05/28
2026-05-28,gmo,USD/JPY,GMO外貨,1.0,153.0,-153.0,None,success,2026/05/28
2026-05-28,gmo_click,USD/JPY,GMOクリック証券,1.0,139.0,-139.0,None,success,2026/05/28
2026-05-28,hirose,USD/JPY,ヒロセ通商,1.0,144.0,-174.0,None,success,2026/05/28
2026-05-28,invast,USD/JPY,トライオートFX,1.0,150.0,-225.0,None,success,2026/05/27
2026-05-28,jfx,USD/JPY,JFX,1.0,144.0,-174.0,None,success,2026/05/28
2026-05-28,sbi,USD/JPY,SBI FXトレード,1.0,132.0,-140.0,06月01日,success,2026/05/28
2026-05-28,traders_light,USD/JPY,LIGHT FX,1.0,155.0,-155.0,None,success,2026/05/28
2026-05-28,traders_min,USD/JPY,みんなのFX,1.0,155.0,-155.0,None,success,2026/05/28
2026-05-29,central_tanshi,USD/JPY,セントラル短資FX,1.0,154.0,-253.0,6/1,success,2026/05/29
2026-05-29,dmm,USD/JPY,DMM FX,1.0,141.0,-144.0,None,success,2026/05/29
2026-05-29,gaitame,USD/JPY,外為どっとコム,1.0,150.0,-180.0,None,success,2026/05/29
2026-05-29,gmo,USD/JPY,GMO外貨,1.0,150.0,-150.0,None,success,2026/05/29
2026-05-29,gmo_click,USD/JPY,GMOクリック証券,1.0,139.0,-139.0,None,success,2026/05/29
2026-05-29,hirose,USD/JPY,ヒロセ通商,1.0,150.0,-185.0,None,success,2026/05/29
2026-05-29,invast,USD/JPY,トライオートFX,1.0,150.0,-225.0,None,success,2026/05/28
2026-05-29,jfx,USD/JPY,JFX,1.0,150.0,-185.0,None,success,2026/05/29
2026-05-29,sbi,USD/JPY,SBI FXトレード,1.0,132.0,-140.0,06月02日,success,2026/05/29
2026-05-29,traders_light,USD/JPY,LIGHT FX,1.0,155.0,-155.0,None,success,2026/05/29
2026-05-29,traders_min,USD/JPY,みんなのFX,1.0,155.0,-155.0,None,success,2026/05/29
2026-06-01,central_tanshi,USD/JPY,セントラル短資FX,1.0,154.0,-253.0,6/2,success,2026/06/01
2026-06-01,dmm,USD/JPY,DMM FX,1.0,141.0,-144.0,None,success,2026/06/01
2026-06-01,gaitame,USD/JPY,外為どっとコム,1.0,150.0,-180.0,None,success,2026/06/01
2026-06-01,gmo,USD/JPY,GMO外貨,1.0,147.0,-147.0,None,success,2026/06/01
2026-06-01,gmo_click,USD/JPY,GMOクリック証券,1.0,141.0,-141.0,None,success,2026/06/01
2026-06-01,hirose,USD/JPY,ヒロセ通商,1.0,150.0,-180.0,None,success,2026/06/01
2026-06-01,invast,USD/JPY,トライオートFX,1.0,None,None,None,error,None
2026-06-01,jfx,USD/JPY,JFX,1.0,150.0,-180.0,None,success,2026/06/01
2026-06-01,sbi,USD/JPY,SBI FXトレード,None,None,None,None,error,None
2026-06-01,traders_light,USD/JPY,LIGHT FX,1.0,156.0,-156.0,None,success,2026/06/01
2026-06-01,traders_min,USD/JPY,みんなのFX,1.0,155.0,-155.0,None,success,2026/06/01
2026-06-02,central_tanshi,USD/JPY,セントラル短資FX,1.0,155.0,-254.0,6/3,success,2026/06/02
2026-06-02,dmm,USD/JPY,DMM FX,1.0,138.0,-141.0,None,success,2026/06/02
2026-06-02,gaitame,USD/JPY,外為どっとコム,1.0,150.0,-180.0,None,success,2026/06/02
2026-06-02,gmo,USD/JPY,GMO外貨,1.0,155.0,-155.0,None,success,2026/06/02
2026-06-02,gmo_click,USD/JPY,GMOクリック証券,1.0,145.0,-145.0,None,success,2026/06/02
2026-06-02,hirose,USD/JPY,ヒロセ通商,1.0,147.0,-177.0,None,success,2026/06/02
2026-06-02,invast,USD/JPY,トライオートFX,1.0,155.0,-230.0,None,success,2026/06/01
2026-06-02,jfx,USD/JPY,JFX,1.0,147.0,-177.0,None,success,2026/06/02
2026-06-02,sbi,USD/JPY,SBI FXトレード,1.0,133.0,-141.0,06月04日,success,2026/06/02
2026-06-02,traders_light,USD/JPY,LIGHT FX,1.0,156.0,-156.0,None,success,2026/06/02
2026-06-02,traders_min,USD/JPY,みんなのFX,1.0,155.0,-155.0,None,success,2026/06/02
2026-06-03,central_tanshi,USD/JPY,セントラル短資FX,1.0,155.0,-254.0,6/4,success,2026/06/03
2026-06-03,dmm,USD/JPY,DMM FX,1.0,138.0,-141.0,None,success,2026/06/03
2026-06-03,gaitame,USD/JPY,外為どっとコム,1.0,150.0,-180.0,None,success,2026/06/03
2026-06-03,gmo,USD/JPY,GMO外貨,1.0,155.0,-155.0,None,success,2026/06/03
2026-06-03,gmo_click,USD/JPY,GMOクリック証券,1.0,144.0,-144.0,None,success,2026/06/03
2026-06-03,hirose,USD/JPY,ヒロセ通商,1.0,155.0,-185.0,None,success,2026/06/03
2026-06-03,invast,USD/JPY,トライオートFX,1.0,155.0,-230.0,None,success,2026/06/03
2026-06-03,jfx,USD/JPY,JFX,1.0,155.0,-185.0,None,success,2026/06/03
2026-06-03,sbi,USD/JPY,SBI FXトレード,1.0,133.0,-141.0,06月05日,success,2026/06/03
2026-06-03,traders_light,USD/JPY,LIGHT FX,1.0,156.0,-156.0,None,success,2026/06/03
2026-06-03,traders_min,USD/JPY,みんなのFX,1.0,155.0,-155.0,None,success,2026/06/03
2026-06-04,central_tanshi,USD/JPY,セントラル短資FX,1.0,157.0,-256.0,6/5,success,2026/06/04
2026-06-04,dmm,USD/JPY,DMM FX,1.0,140.0,-143.0,None,success,2026/06/04
2026-06-04,gaitame,USD/JPY,外為どっとコム,1.0,150.0,-180.0,None,success,2026/06/04
2026-06-04,gmo,USD/JPY,GMO外貨,1.0,156.0,-156.0,None,success,2026/06/04
2026-06-04,gmo_click,USD/JPY,GMOクリック証券,1.0,143.0,-143.0,None,success,2026/06/04
2026-06-04,hirose,USD/JPY,ヒロセ通商,1.0,155.0,-185.0,None,success,2026/06/04
2026-06-04,invast,USD/JPY,トライオートFX,1.0,155.0,-230.0,None,success,2026/06/03
2026-06-04,jfx,USD/JPY,JFX,1.0,155.0,-185.0,None,success,2026/06/04
2026-06-04,sbi,USD/JPY,SBI FXトレード,1.0,133.0,-141.0,06月08日,success,2026/06/04
2026-06-04,traders_light,USD/JPY,LIGHT FX,1.0,156.0,-156.0,None,success,2026/06/04
2026-06-04,traders_min,USD/JPY,みんなのFX,1.0,155.0,-155.0,None,success,2026/06/04
2026-06-05,central_tanshi,USD/JPY,セントラル短資FX,1.0,157.0,-256.0,6/8,success,2026/06/05
2026-06-05,dmm,USD/JPY,DMM FX,1.0,141.0,-144.0,None,success,2026/06/05
2026-06-05,gaitame,USD/JPY,外為どっとコム,1.0,155.0,-185.0,None,success,2026/06/05
2026-06-05,gmo,USD/JPY,GMO外貨,1.0,156.0,-156.0,None,success,2026/06/05
2026-06-05,gmo_click,USD/JPY,GMOクリック証券,1.0,148.0,-148.0,None,success,2026/06/05
2026-06-05,hirose,USD/JPY,ヒロセ通商,1.0,150.0,-185.0,None,success,2026/06/05
2026-06-05,invast,USD/JPY,トライオートFX,1.0,155.0,-230.0,None,success,2026/06/04
2026-06-05,jfx,USD/JPY,JFX,1.0,150.0,-185.0,None,success,2026/06/05
2026-06-05,sbi,USD/JPY,SBI FXトレード,1.0,132.0,-140.0,06月09日,success,2026/06/05
2026-06-05,traders_light,USD/JPY,LIGHT FX,1.0,156.0,-156.0,None,success,2026/06/05
2026-06-05,traders_min,USD/JPY,みんなのFX,1.0,155.0,-155.0,None,success,2026/06/05
2026-06-08,central_tanshi,USD/JPY,セントラル短資FX,1.0,157.0,-256.0,6/9,success,2026/06/08
2026-06-08,dmm,USD/JPY,DMM FX,1.0,141.0,-144.0,None,success,2026/06/08
2026-06-08,gaitame,USD/JPY,外為どっとコム,1.0,155.0,-185.0,None,success,2026/06/08
2026-06-08,gmo,USD/JPY,GMO外貨,1.0,156.0,-156.0,None,success,2026/06/08
2026-06-08,gmo_click,USD/JPY,GMOクリック証券,1.0,150.0,-150.0,None,success,2026/06/08
2026-06-08,hirose,USD/JPY,ヒロセ通商,1.0,155.0,-185.0,None,success,2026/06/08
2026-06-08,invast,USD/JPY,トライオートFX,1.0,156.0,-231.0,None,success,2026/06/05
2026-06-08,jfx,USD/JPY,JFX,1.0,155.0,-185.0,None,success,2026/06/08
2026-06-08,sbi,USD/JPY,SBI FXトレード,None,None,None,06月10日,error,2026/06/08
2026-06-08,traders_light,USD/JPY,LIGHT FX,1.0,156.0,-156.0,None,success,2026/06/08
2026-06-08,traders_min,USD/JPY,みんなのFX,1.0,155.0,-155.0,None,success,2026/06/08
2026-06-09,central_tanshi,USD/JPY,セントラル短資FX,1.0,157.0,-256.0,6/10,success,2026/06/09
2026-06-09,dmm,USD/JPY,DMM FX,1.0,142.0,-145.0,None,success,2026/06/09
2026-06-09,gaitame,USD/JPY,外為どっとコム,1.0,155.0,-185.0,None,success,2026/06/09
2026-06-09,gmo,USD/JPY,GMO外貨,1.0,156.0,-156.0,None,success,2026/06/09
2026-06-09,gmo_click,USD/JPY,GMOクリック証券,1.0,150.0,-150.0,None,success,2026/06/09
2026-06-09,hirose,USD/JPY,ヒロセ通商,1.0,150.0,-185.0,None,success,2026/06/09
2026-06-09,invast,USD/JPY,トライオートFX,1.0,156.0,-231.0,None,success,2026/06/08
2026-06-09,jfx,USD/JPY,JFX,1.0,150.0,-185.0,None,success,2026/06/09
2026-06-09,sbi,USD/JPY,SBI FXトレード,1.0,133.0,-141.0,06月11日,success,2026/06/09
2026-06-09,traders_light,USD/JPY,LIGHT FX,1.0,156.0,-156.0,None,success,2026/06/09
2026-06-09,traders_min,USD/JPY,みんなのFX,1.0,155.0,-155.0,None,success,2026/06/09
2026-06-10,central_tanshi,USD/JPY,セントラル短資FX,1.0,157.0,-256.0,6/11,success,2026/06/10
2026-06-10,dmm,USD/JPY,DMM FX,1.0,143.0,-146.0,None,success,2026/06/10
2026-06-10,gaitame,USD/JPY,外為どっとコム,1.0,155.0,-185.0,None,success,2026/06/10
2026-06-10,gmo,USD/JPY,GMO外貨,1.0,156.0,-156.0,None,success,2026/06/10
2026-06-10,gmo_click,USD/JPY,GMOクリック証券,1.0,149.0,-149.0,None,success,2026/06/10
2026-06-10,hirose,USD/JPY,ヒロセ通商,1.0,150.0,-180.0,None,success,2026/06/10
2026-06-10,invast,USD/JPY,トライオートFX,1.0,156.0,-231.0,None,success,2026/06/09
2026-06-10,jfx,USD/JPY,JFX,1.0,150.0,-180.0,None,success,2026/06/10
2026-06-10,sbi,USD/JPY,SBI FXトレード,1.0,133.0,-141.0,06月12日,success,2026/06/10
2026-06-10,traders_light,USD/JPY,LIGHT FX,1.0,156.0,-156.0,None,success,2026/06/10
2026-06-10,traders_min,USD/JPY,みんなのFX,1.0,155.0,-155.0,None,success,2026/06/10
2026-06-11,central_tanshi,USD/JPY,セントラル短資FX,1.0,157.0,-256.0,6/12,success,2026/06/11
2026-06-11,dmm,USD/JPY,DMM FX,1.0,143.0,-146.0,None,success,2026/06/11
2026-06-11,gaitame,USD/JPY,外為どっとコム,1.0,155.0,-185.0,None,success,2026/06/11
2026-06-11,gmo,USD/JPY,GMO外貨,1.0,156.0,-156.0,None,success,2026/06/11
2026-06-11,gmo_click,USD/JPY,GMOクリック証券,1.0,149.0,-149.0,None,success,2026/06/11
2026-06-11,hirose,USD/JPY,ヒロセ通商,1.0,155.0,-185.0,None,success,2026/06/11
2026-06-11,invast,USD/JPY,トライオートFX,1.0,156.0,-231.0,None,success,2026/06/10
2026-06-11,jfx,USD/JPY,JFX,1.0,155.0,-185.0,None,success,2026/06/11
2026-06-11,sbi,USD/JPY,SBI FXトレード,1.0,133.0,-141.0,06月15日,success,2026/06/11
2026-06-11,traders_light,USD/JPY,LIGHT FX,1.0,156.0,-156.0,None,success,2026/06/11
2026-06-11,traders_min,USD/JPY,みんなのFX,1.0,155.0,-155.0,None,success,2026/06/11
2026-06-12,central_tanshi,USD/JPY,セントラル短資FX,1.0,157.0,-256.0,6/15,success,2026/06/12
2026-06-12,dmm,USD/JPY,DMM FX,1.0,145.0,-148.0,None,success,2026/06/12
2026-06-12,gaitame,USD/JPY,外為どっとコム,1.0,157.0,-187.0,None,success,2026/06/12
2026-06-12,gmo,USD/JPY,GMO外貨,1.0,156.0,-156.0,None,success,2026/06/12
2026-06-12,gmo_click,USD/JPY,GMOクリック証券,1.0,152.0,-152.0,None,success,2026/06/12
2026-06-12,hirose,USD/JPY,ヒロセ通商,1.0,155.0,-190.0,None,success,2026/06/12
2026-06-12,invast,USD/JPY,トライオートFX,1.0,156.0,-231.0,None,success,2026/06/11
2026-06-12,jfx,USD/JPY,JFX,1.0,155.0,-190.0,None,success,2026/06/12
2026-06-12,sbi,USD/JPY,SBI FXトレード,1.0,134.0,-142.0,06月16日,success,2026/06/12
2026-06-12,traders_light,USD/JPY,LIGHT FX,1.0,156.0,-156.0,None,success,2026/06/12
2026-06-12,traders_min,USD/JPY,みんなのFX,1.0,155.0,-155.0,None,success,2026/06/12
2026-06-15,central_tanshi,USD/JPY,セントラル短資FX,1.0,157.0,-157.0,6/16,success,2026/06/15
2026-06-15,dmm,USD/JPY,DMM FX,1.0,145.0,-148.0,None,success,2026/06/15
2026-06-15,gaitame,USD/JPY,外為どっとコム,1.0,157.0,-187.0,None,success,2026/06/15
2026-06-15,gmo,USD/JPY,GMO外貨,1.0,156.0,-156.0,None,success,2026/06/15
2026-06-15,gmo_click,USD/JPY,GMOクリック証券,1.0,154.0,-154.0,None,success,2026/06/15
2026-06-15,hirose,USD/JPY,ヒロセ通商,1.0,155.0,-185.0,None,success,2026/06/15
2026-06-15,invast,USD/JPY,トライオートFX,1.0,156.0,-231.0,None,success,2026/06/12
2026-06-15,jfx,USD/JPY,JFX,1.0,155.0,-185.0,None,success,2026/06/15
2026-06-15,sbi,USD/JPY,SBI FXトレード,None,None,None,06月17日,error,2026/06/15
2026-06-15,traders_light,USD/JPY,LIGHT FX,1.0,158.0,-158.0,None,success,2026/06/15
2026-06-15,traders_min,USD/JPY,みんなのFX,1.0,157.0,-157.0,None,success,2026/06/15
2026-06-16,central_tanshi,USD/JPY,セントラル短資FX,1.0,158.0,-158.0,6/17,success,2026/06/16
2026-06-16,dmm,USD/JPY,DMM FX,1.0,148.0,-151.0,None,success,2026/06/16
2026-06-16,gaitame,USD/JPY,外為どっとコム,1.0,157.0,-187.0,None,success,2026/06/16
2026-06-16,gmo,USD/JPY,GMO外貨,1.0,158.0,-158.0,None,success,2026/06/16
2026-06-16,gmo_click,USD/JPY,GMOクリック証券,1.0,150.0,-150.0,None,success,2026/06/16
2026-06-16,hirose,USD/JPY,ヒロセ通商,1.0,155.0,-185.0,None,success,2026/06/16
2026-06-16,invast,USD/JPY,トライオートFX,1.0,156.0,-231.0,None,success,2026/06/15
2026-06-16,jfx,USD/JPY,JFX,1.0,155.0,-185.0,None,success,2026/06/16
2026-06-16,sbi,USD/JPY,SBI FXトレード,1.0,134.0,-142.0,06月18日,success,2026/06/16
2026-06-16,traders_light,USD/JPY,LIGHT FX,1.0,158.0,-158.0,None,success,2026/06/16
2026-06-16,traders_min,USD/JPY,みんなのFX,1.0,157.0,-157.0,None,success,2026/06/16
2026-06-17,central_tanshi,USD/JPY,セントラル短資FX,1.0,0.0,0.0,None,error,2026/06/17
2026-06-17,dmm,USD/JPY,DMM FX,1.0,148.0,-151.0,None,success,2026/06/17
2026-06-17,gaitame,USD/JPY,外為どっとコム,1.0,157.0,-187.0,None,success,2026/06/17
2026-06-17,gmo,USD/JPY,GMO外貨,1.0,None,None,None,success,2026/06/17
2026-06-17,gmo_click,USD/JPY,GMOクリック証券,1.0,None,None,None,success,2026/06/17
2026-06-17,hirose,USD/JPY,ヒロセ通商,1.0,150.0,-180.0,None,success,2026/06/17
2026-06-17,invast,USD/JPY,トライオートFX,1.0,156.0,-231.0,None,success,2026/06/16
2026-06-17,jfx,USD/JPY,JFX,1.0,150.0,-180.0,None,success,2026/06/17
2026-06-17,sbi,USD/JPY,SBI FXトレード,1.0,133.0,-141.0,06月22日,success,2026/06/17
2026-06-17,traders_light,USD/JPY,LIGHT FX,1.0,158.0,-158.0,None,success,2026/06/16
2026-06-17,traders_min,USD/JPY,みんなのFX,1.0,157.0,-157.0,None,success,2026/06/16
2026-06-18,central_tanshi,USD/JPY,セントラル短資FX,1.0,158.0,-158.0,6/19,success,2026/06/18
2026-06-18,dmm,USD/JPY,DMM FX,1.0,None,None,None,success,2026/06/18
2026-06-18,gaitame,USD/JPY,外為どっとコム,1.0,None,None,None,success,2026/06/18
2026-06-18,gmo,USD/JPY,GMO外貨,1.0,158.0,-158.0,None,success,2026/06/18
2026-06-18,gmo_click,USD/JPY,GMOクリック証券,1.0,145.0,-145.0,None,success,2026/06/18
2026-06-18,hirose,USD/JPY,ヒロセ通商,1.0,None,None,None,success,2026/06/18
2026-06-18,invast,USD/JPY,トライオートFX,1.0,None,None,None,success,2026/06/17
2026-06-18,jfx,USD/JPY,JFX,1.0,None,None,None,success,2026/06/18
2026-06-18,sbi,USD/JPY,SBI FXトレード,None,None,None,06月22日,success,2026/06/18
2026-06-18,traders_light,USD/JPY,LIGHT FX,1.0,158.0,-158.0,None,success,2026/06/18
2026-06-18,traders_min,USD/JPY,みんなのFX,1.0,157.0,-157.0,None,success,2026/06/18
2026-06-19,central_tanshi,USD/JPY,セントラル短資FX,1.0,158.0,-158.0,6/22,success,2026/06/19
2026-06-19,dmm,USD/JPY,DMM FX,1.0,141.0,-144.0,None,success,2026/06/19
2026-06-19,gaitame,USD/JPY,外為どっとコム,1.0,157.0,-187.0,None,success,2026/06/19
2026-06-19,gmo,USD/JPY,GMO外貨,1.0,158.0,-158.0,None,success,2026/06/19
2026-06-19,gmo_click,USD/JPY,GMOクリック証券,1.0,141.0,-141.0,None,success,2026/06/19
2026-06-19,hirose,USD/JPY,ヒロセ通商,1.0,158.0,-188.0,None,success,2026/06/19
2026-06-19,invast,USD/JPY,トライオートFX,1.0,157.0,-232.0,None,success,2026/06/18
2026-06-19,jfx,USD/JPY,JFX,1.0,158.0,-188.0,None,success,2026/06/19
2026-06-19,sbi,USD/JPY,SBI FXトレード,1.0,133.0,-141.0,06月23日,success,2026/06/19
2026-06-19,traders_light,USD/JPY,LIGHT FX,1.0,158.0,-158.0,None,success,2026/06/19
2026-06-19,traders_min,USD/JPY,みんなのFX,1.0,157.0,-157.0,None,success,2026/06/19
2026-06-22,central_tanshi,USD/JPY,セントラル短資FX,1.0,158.0,-158.0,6/23,success,2026/06/22
2026-06-22,dmm,USD/JPY,DMM FX,1.0,141.0,-144.0,None,success,2026/06/22
2026-06-22,gaitame,USD/JPY,外為どっとコム,1.0,158.0,-188.0,None,success,2026/06/22
2026-06-22,gmo,USD/JPY,GMO外貨,1.0,158.0,-158.0,None,success,2026/06/22
2026-06-22,gmo_click,USD/JPY,GMOクリック証券,1.0,146.0,-146.0,None,success,2026/06/22
2026-06-22,hirose,USD/JPY,ヒロセ通商,1.0,157.0,-187.0,None,success,2026/06/22
2026-06-22,invast,USD/JPY,トライオートFX,1.0,157.0,-232.0,None,success,2026/06/19
2026-06-22,jfx,USD/JPY,JFX,1.0,157.0,-187.0,None,success,2026/06/22
2026-06-22,sbi,USD/JPY,SBI FXトレード,None,None,None,06月24日,error,2026/06/22
2026-06-22,traders_light,USD/JPY,LIGHT FX,1.0,158.0,-158.0,None,success,2026/06/22
2026-06-22,traders_min,USD/JPY,みんなのFX,1.0,157.0,-157.0,None,success,2026/06/22
2026-06-24,central_tanshi,USD/JPY,セントラル短資FX,1.0,160.0,-160.0,6/25,success,2026/06/24
2026-06-24,dmm,USD/JPY,DMM FX,1.0,141.0,-144.0,None,success,2026/06/24
2026-06-24,gaitame,USD/JPY,外為どっとコム,1.0,158.0,-188.0,None,success,2026/06/24
2026-06-24,gmo,USD/JPY,GMO外貨,1.0,158.0,-158.0,None,success,2026/06/24
2026-06-24,gmo_click,USD/JPY,GMOクリック証券,1.0,144.0,-144.0,None,success,2026/06/24
2026-06-24,hirose,USD/JPY,ヒロセ通商,1.0,157.0,-187.0,None,success,2026/06/24
2026-06-24,invast,USD/JPY,トライオートFX,1.0,160.0,-235.0,None,success,2026/06/23
2026-06-24,jfx,USD/JPY,JFX,1.0,157.0,-187.0,None,success,2026/06/24
2026-06-24,sbi,USD/JPY,SBI FXトレード,1.0,136.0,-144.0,06月26日,success,2026/06/24
2026-06-24,traders_light,USD/JPY,LIGHT FX,1.0,158.0,-158.0,None,success,2026/06/24
2026-06-24,traders_min,USD/JPY,みんなのFX,1.0,157.0,-157.0,None,success,2026/06/24
2026-06-25,central_tanshi,USD/JPY,セントラル短資FX,1.0,160.0,-160.0,6/26,success,2026/06/25
2026-06-25,dmm,USD/JPY,DMM FX,1.0,141.0,-144.0,None,success,2026/06/25
2026-06-25,gaitame,USD/JPY,外為どっとコム,1.0,160.0,-190.0,None,success,2026/06/25
2026-06-25,gmo,USD/JPY,GMO外貨,1.0,158.0,-158.0,None,success,2026/06/25
2026-06-25,gmo_click,USD/JPY,GMOクリック証券,1.0,144.0,-144.0,None,success,2026/06/25
2026-06-25,hirose,USD/JPY,ヒロセ通商,1.0,157.0,-187.0,None,success,2026/06/25
2026-06-25,invast,USD/JPY,トライオートFX,1.0,160.0,-235.0,None,success,2026/06/24
2026-06-25,jfx,USD/JPY,JFX,1.0,157.0,-187.0,None,success,2026/06/25
2026-06-25,sbi,USD/JPY,SBI FXトレード,1.0,139.0,-147.0,06月29日,success,2026/06/25
2026-06-25,traders_light,USD/JPY,LIGHT FX,1.0,158.0,-158.0,None,success,2026/06/25
2026-06-25,traders_min,USD/JPY,みんなのFX,1.0,157.0,-157.0,None,success,2026/06/25
2026-06-26,central_tanshi,USD/JPY,セントラル短資FX,1.0,163.0,-163.0,6/29,success,2026/06/26
2026-06-26,dmm,USD/JPY,DMM FX,1.0,141.0,-144.0,None,success,2026/06/26
2026-06-26,gaitame,USD/JPY,外為どっとコム,1.0,160.0,-190.0,None,success,2026/06/26
2026-06-26,gmo,USD/JPY,GMO外貨,1.0,158.0,-158.0,None,success,2026/06/26
2026-06-26,gmo_click,USD/JPY,GMOクリック証券,1.0,154.0,-154.0,None,success,2026/06/26
2026-06-26,hirose,USD/JPY,ヒロセ通商,1.0,139.0,-169.0,None,success,2026/06/26
2026-06-26,invast,USD/JPY,トライオートFX,1.0,163.0,-238.0,None,success,2026/06/25
2026-06-26,jfx,USD/JPY,JFX,1.0,139.0,-169.0,None,success,2026/06/26
2026-06-26,sbi,USD/JPY,SBI FXトレード,1.0,141.0,-149.0,06月30日,success,2026/06/26
2026-06-26,traders_light,USD/JPY,LIGHT FX,1.0,161.0,-161.0,None,success,2026/06/26
2026-06-26,traders_min,USD/JPY,みんなのFX,1.0,160.0,-160.0,None,success,2026/06/26
2026-06-29,central_tanshi,USD/JPY,セントラル短資FX,1.0,166.0,-166.0,6/30,success,2026/06/29
2026-06-29,dmm,USD/JPY,DMM FX,1.0,208.0,-211.0,None,success,2026/06/29
2026-06-29,gaitame,USD/JPY,外為どっとコム,1.0,160.0,-190.0,None,success,2026/06/29
2026-06-29,gmo,USD/JPY,GMO外貨,1.0,160.0,-160.0,None,success,2026/06/29
2026-06-29,gmo_click,USD/JPY,GMOクリック証券,1.0,159.0,-159.0,None,success,2026/06/29
2026-06-29,hirose,USD/JPY,ヒロセ通商,1.0,158.0,-188.0,None,success,2026/06/29
2026-06-29,invast,USD/JPY,トライオートFX,1.0,163.0,-238.0,None,success,2026/06/26
2026-06-29,jfx,USD/JPY,JFX,1.0,158.0,-188.0,None,success,2026/06/29
2026-06-29,traders_light,USD/JPY,LIGHT FX,1.0,176.0,-176.0,None,success,2026/06/29
2026-06-29,traders_min,USD/JPY,みんなのFX,1.0,175.0,-175.0,None,success,2026/06/29
2026-06-30,central_tanshi,USD/JPY,セントラル短資FX,1.0,173.0,-173.0,7/1,success,2026/06/30
2026-06-30,dmm,USD/JPY,DMM FX,1.0,141.0,-144.0,None,success,2026/06/30
2026-06-30,gaitame,USD/JPY,外為どっとコム,1.0,160.0,-190.0,None,success,2026/06/30
2026-06-30,gmo,USD/JPY,GMO外貨,1.0,167.0,-167.0,None,success,2026/06/30
2026-06-30,gmo_click,USD/JPY,GMOクリック証券,1.0,154.0,-154.0,None,success,2026/06/30
2026-06-30,hirose,USD/JPY,ヒロセ通商,1.0,160.0,-190.0,None,success,2026/06/30
2026-06-30,invast,USD/JPY,トライオートFX,1.0,163.0,-238.0,None,success,2026/06/29
2026-06-30,jfx,USD/JPY,JFX,1.0,160.0,-190.0,None,success,2026/06/30
2026-06-30,sbi,USD/JPY,SBI FXトレード,None,None,None,None,error,None
2026-06-30,traders_light,USD/JPY,LIGHT FX,1.0,176.0,-176.0,None,success,2026/06/30
2026-06-30,traders_min,USD/JPY,みんなのFX,1.0,175.0,-175.0,None,success,2026/06/30
2026-07-01,central_tanshi,USD/JPY,セントラル短資FX,1.0,175.0,-175.0,7/2,success,2026/07/01
2026-07-01,dmm,USD/JPY,DMM FX,1.0,141.0,-144.0,None,success,2026/07/01
2026-07-01,gaitame,USD/JPY,外為どっとコム,1.0,170.0,-200.0,None,success,2026/07/01
2026-07-01,gmo,USD/JPY,GMO外貨,1.0,175.0,-175.0,None,success,2026/07/01
2026-07-01,gmo_click,USD/JPY,GMOクリック証券,1.0,149.0,-149.0,None,success,2026/07/01
2026-07-01,hirose,USD/JPY,ヒロセ通商,1.0,156.0,-186.0,None,success,2026/07/01
2026-07-01,invast,USD/JPY,トライオートFX,1.0,None,None,None,error,None
2026-07-01,jfx,USD/JPY,JFX,1.0,156.0,-186.0,None,success,2026/07/01
2026-07-01,sbi,USD/JPY,SBI FXトレード,1.0,154.0,-162.0,07月03日,success,2026/07/01
2026-07-01,traders_light,USD/JPY,LIGHT FX,1.0,176.0,-176.0,None,success,2026/07/01
2026-07-01,traders_min,USD/JPY,みんなのFX,1.0,175.0,-175.0,None,success,2026/07/01
2026-07-02,central_tanshi,USD/JPY,セントラル短資FX,1.0,177.0,-177.0,7/3,success,2026/07/02
2026-07-02,dmm,USD/JPY,DMM FX,1.0,146.0,-149.0,None,success,2026/07/02
2026-07-02,gaitame,USD/JPY,外為どっとコム,1.0,170.0,-200.0,None,success,2026/07/02
2026-07-02,gmo,USD/JPY,GMO外貨,1.0,175.0,-175.0,None,success,2026/07/02
2026-07-02,gmo_click,USD/JPY,GMOクリック証券,1.0,150.0,-150.0,None,success,2026/07/02
2026-07-02,hirose,USD/JPY,ヒロセ通商,1.0,175.0,-205.0,None,success,2026/07/02
2026-07-02,invast,USD/JPY,トライオートFX,1.0,165.0,-240.0,None,success,2026/07/01
2026-07-02,jfx,USD/JPY,JFX,1.0,175.0,-205.0,None,success,2026/07/02
2026-07-02,sbi,USD/JPY,SBI FXトレード,1.0,149.0,-157.0,07月06日,success,2026/07/02
2026-07-02,traders_light,USD/JPY,LIGHT FX,1.0,176.0,-176.0,None,success,2026/07/02
2026-07-02,traders_min,USD/JPY,みんなのFX,1.0,175.0,-175.0,None,success,2026/07/02
2026-07-03,central_tanshi,USD/JPY,セントラル短資FX,1.0,170.0,-170.0,7/6,success,2026/07/03
2026-07-03,dmm,USD/JPY,DMM FX,1.0,146.0,-149.0,None,success,2026/07/03
2026-07-03,gaitame,USD/JPY,外為どっとコム,1.0,170.0,-200.0,None,success,2026/07/03
2026-07-03,gmo,USD/JPY,GMO外貨,1.0,170.0,-170.0,None,success,2026/07/03
2026-07-03,gmo_click,USD/JPY,GMOクリック証券,1.0,151.0,-151.0,None,success,2026/07/03
2026-07-03,hirose,USD/JPY,ヒロセ通商,1.0,175.0,-210.0,None,success,2026/07/03
2026-07-03,invast,USD/JPY,トライオートFX,1.0,165.0,-240.0,None,success,2026/07/02
2026-07-03,jfx,USD/JPY,JFX,1.0,175.0,-210.0,None,success,2026/07/03
2026-07-03,sbi,USD/JPY,SBI FXトレード,1.0,149.0,-157.0,07月07日,success,2026/07/03
2026-07-03,traders_light,USD/JPY,LIGHT FX,1.0,171.0,-171.0,None,success,2026/07/03
2026-07-03,traders_min,USD/JPY,みんなのFX,1.0,170.0,-170.0,None,success,2026/07/03
2026-07-06,central_tanshi,USD/JPY,セントラル短資FX,1.0,165.0,-165.0,7/7,success,2026/07/06
2026-07-06,dmm,USD/JPY,DMM FX,1.0,146.0,-149.0,None,success,2026/07/06
2026-07-06,gaitame,USD/JPY,外為どっとコム,1.0,160.0,-190.0,None,success,2026/07/06
2026-07-06,gmo,USD/JPY,GMO外貨,1.0,165.0,-165.0,None,success,2026/07/06
2026-07-06,gmo_click,USD/JPY,GMOクリック証券,1.0,152.0,-152.0,None,success,2026/07/06
2026-07-06,hirose,USD/JPY,ヒロセ通商,1.0,151.0,-181.0,None,success,2026/07/06
2026-07-06,invast,USD/JPY,トライオートFX,1.0,None,None,None,error,None
2026-07-06,jfx,USD/JPY,JFX,1.0,151.0,-181.0,None,success,2026/07/06
2026-07-06,sbi,USD/JPY,SBI FXトレード,None,None,None,None,error,None
2026-07-06,traders_light,USD/JPY,LIGHT FX,1.0,166.0,-166.0,None,success,2026/07/06
2026-07-06,traders_min,USD/JPY,みんなのFX,1.0,165.0,-165.0,None,success,2026/07/06
2026-07-07,central_tanshi,USD/JPY,セントラル短資FX,1.0,160.0,-160.0,7/8,success,2026/07/07
2026-07-07,dmm,USD/JPY,DMM FX,1.0,146.0,-149.0,None,success,2026/07/07
2026-07-07,gaitame,USD/JPY,外為どっとコム,1.0,165.0,-195.0,None,success,2026/07/07
2026-07-07,gmo,USD/JPY,GMO外貨,1.0,160.0,-160.0,None,success,2026/07/07
2026-07-07,gmo_click,USD/JPY,GMOクリック証券,1.0,153.0,-153.0,None,success,2026/07/07
2026-07-07,hirose,USD/JPY,ヒロセ通商,1.0,152.0,-182.0,None,success,2026/07/07
2026-07-07,invast,USD/JPY,トライオートFX,1.0,175.0,-250.0,None,success,2026/07/06
2026-07-07,jfx,USD/JPY,JFX,1.0,152.0,-182.0,None,success,2026/07/07
2026-07-07,sbi,USD/JPY,SBI FXトレード,1.0,141.0,-149.0,07月09日,success,2026/07/07
2026-07-07,traders_light,USD/JPY,LIGHT FX,1.0,161.0,-161.0,None,success,2026/07/07
2026-07-07,traders_min,USD/JPY,みんなのFX,1.0,160.0,-160.0,None,success,2026/07/07
2026-07-08,central_tanshi,USD/JPY,セントラル短資FX,1.0,160.0,-160.0,7/9,success,2026/07/08
2026-07-08,dmm,USD/JPY,DMM FX,1.0,147.0,-150.0,None,success,2026/07/08
2026-07-08,gaitame,USD/JPY,外為どっとコム,1.0,165.0,-195.0,None,success,2026/07/08
2026-07-08,gmo,USD/JPY,GMO外貨,1.0,156.0,-156.0,None,success,2026/07/08
2026-07-08,gmo_click,USD/JPY,GMOクリック証券,1.0,153.0,-153.0,None,success,2026/07/08
2026-07-08,hirose,USD/JPY,ヒロセ通商,1.0,160.0,-190.0,None,success,2026/07/08
2026-07-08,invast,USD/JPY,トライオートFX,1.0,180.0,-255.0,None,success,2026/07/07
2026-07-08,jfx,USD/JPY,JFX,1.0,160.0,-190.0,None,success,2026/07/08
2026-07-08,sbi,USD/JPY,SBI FXトレード,1.0,141.0,-149.0,07月10日,success,2026/07/08
2026-07-08,traders_light,USD/JPY,LIGHT FX,1.0,161.0,-161.0,None,success,2026/07/08
2026-07-08,traders_min,USD/JPY,みんなのFX,1.0,160.0,-160.0,None,success,2026/07/08
2026-07-09,central_tanshi,USD/JPY,セントラル短資FX,1.0,160.0,-160.0,7/10,success,2026/07/09
2026-07-09,dmm,USD/JPY,DMM FX,1.0,147.0,-150.0,None,success,2026/07/09
2026-07-09,gaitame,USD/JPY,外為どっとコム,1.0,165.0,-195.0,None,success,2026/07/09
2026-07-09,gmo,USD/JPY,GMO外貨,1.0,160.0,-160.0,None,success,2026/07/09
2026-07-09,gmo_click,USD/JPY,GMOクリック証券,1.0,152.0,-152.0,None,success,2026/07/09
2026-07-09,hirose,USD/JPY,ヒロセ通商,1.0,160.0,-190.0,None,success,2026/07/09
2026-07-09,invast,USD/JPY,トライオートFX,1.0,180.0,-255.0,None,success,2026/07/08
2026-07-09,jfx,USD/JPY,JFX,1.0,160.0,-190.0,None,success,2026/07/09
2026-07-09,sbi,USD/JPY,SBI FXトレード,1.0,141.0,-149.0,07月13日,success,2026/07/09
2026-07-09,traders_light,USD/JPY,LIGHT FX,1.0,161.0,-161.0,None,success,2026/07/09
2026-07-09,traders_min,USD/JPY,みんなのFX,1.0,160.0,-160.0,None,success,2026/07/09
2026-07-10,central_tanshi,USD/JPY,セントラル短資FX,1.0,160.0,-160.0,7/13,success,2026/07/10
2026-07-10,dmm,USD/JPY,DMM FX,1.0,147.0,-150.0,None,success,2026/07/10
2026-07-10,gaitame,USD/JPY,外為どっとコム,1.0,165.0,-195.0,None,success,2026/07/10
2026-07-10,gmo,USD/JPY,GMO外貨,1.0,162.0,-162.0,None,success,2026/07/10
2026-07-10,gmo_click,USD/JPY,GMOクリック証券,1.0,151.0,-151.0,None,success,2026/07/10
2026-07-10,hirose,USD/JPY,ヒロセ通商,1.0,161.0,-191.0,None,success,2026/07/10
2026-07-10,invast,USD/JPY,トライオートFX,1.0,180.0,-255.0,None,success,2026/07/09
2026-07-10,jfx,USD/JPY,JFX,1.0,161.0,-191.0,None,success,2026/07/10
2026-07-10,sbi,USD/JPY,SBI FXトレード,1.0,141.0,-149.0,07月14日,success,2026/07/10
2026-07-10,traders_light,USD/JPY,LIGHT FX,1.0,151.0,-151.0,None,success,2026/07/10
2026-07-10,traders_min,USD/JPY,みんなのFX,1.0,150.0,-150.0,None,success,2026/07/10
2026-07-13,central_tanshi,USD/JPY,セントラル短資FX,1.0,160.0,-160.0,7/14,success,2026/07/13
2026-07-13,dmm,USD/JPY,DMM FX,1.0,147.0,-150.0,None,success,2026/07/13
2026-07-13,gaitame,USD/JPY,外為どっとコム,1.0,150.0,-180.0,None,success,2026/07/13
2026-07-13,gmo,USD/JPY,GMO外貨,1.0,160.0,-160.0,None,success,2026/07/13
2026-07-13,gmo_click,USD/JPY,GMOクリック証券,1.0,149.0,-149.0,None,success,2026/07/13
2026-07-13,hirose,USD/JPY,ヒロセ通商,1.0,162.0,-192.0,None,success,2026/07/13
2026-07-13,invast,USD/JPY,トライオートFX,1.0,180.0,-255.0,None,success,2026/07/10
2026-07-13,jfx,USD/JPY,JFX,1.0,162.0,-192.0,None,success,2026/07/13
2026-07-13,sbi,USD/JPY,SBI FXトレード,None,None,None,None,error,None
2026-07-13,traders_light,USD/JPY,LIGHT FX,1.0,151.0,-151.0,None,success,2026/07/13
2026-07-13,traders_min,USD/JPY,みんなのFX,1.0,150.0,-150.0,None,success,2026/07/13
2026-07-14,central_tanshi,USD/JPY,セントラル短資FX,1.0,160.0,-160.0,7/15,success,2026/07/14
2026-07-14,dmm,USD/JPY,DMM FX,1.0,147.0,-150.0,None,success,2026/07/14
2026-07-14,gaitame,USD/JPY,外為どっとコム,1.0,150.0,-180.0,None,success,2026/07/14
2026-07-14,gmo,USD/JPY,GMO外貨,1.0,160.0,-160.0,None,success,2026/07/14
2026-07-14,gmo_click,USD/JPY,GMOクリック証券,1.0,153.0,-153.0,None,success,2026/07/14
2026-07-14,hirose,USD/JPY,ヒロセ通商,1.0,151.0,-181.0,None,success,2026/07/14
2026-07-14,invast,USD/JPY,トライオートFX,1.0,161.0,-236.0,None,success,2026/07/13
2026-07-14,jfx,USD/JPY,JFX,1.0,151.0,-181.0,None,success,2026/07/14
2026-07-14,sbi,USD/JPY,SBI FXトレード,1.0,137.0,-145.0,07月16日,success,2026/07/14
2026-07-14,traders_light,USD/JPY,LIGHT FX,1.0,151.0,-151.0,None,success,2026/07/14
2026-07-14,traders_min,USD/JPY,みんなのFX,1.0,150.0,-150.0,None,success,2026/07/14
2026-07-15,central_tanshi,USD/JPY,セントラル短資FX,1.0,160.0,-160.0,7/16,success,2026/07/15
2026-07-15,dmm,USD/JPY,DMM FX,1.0,147.0,-150.0,None,success,2026/07/15
2026-07-15,gaitame,USD/JPY,外為どっとコム,1.0,160.0,-190.0,None,success,2026/07/15
2026-07-15,gmo,USD/JPY,GMO外貨,1.0,160.0,-160.0,None,success,2026/07/15
2026-07-15,gmo_click,USD/JPY,GMOクリック証券,1.0,152.0,-152.0,None,success,2026/07/15
2026-07-15,hirose,USD/JPY,ヒロセ通商,1.0,153.0,-183.0,None,success,2026/07/15
2026-07-15,invast,USD/JPY,トライオートFX,1.0,161.0,-236.0,None,success,2026/07/14
2026-07-15,jfx,USD/JPY,JFX,1.0,153.0,-183.0,None,success,2026/07/15
2026-07-15,sbi,USD/JPY,SBI FXトレード,1.0,139.0,-147.0,07月17日,success,2026/07/15
2026-07-15,traders_light,USD/JPY,LIGHT FX,1.0,151.0,-151.0,None,success,2026/07/15
2026-07-15,traders_min,USD/JPY,みんなのFX,1.0,150.0,-150.0,None,success,2026/07/15
2026-07-16,central_tanshi,USD/JPY,セントラル短資FX,1.0,160.0,-160.0,7/17,success,2026/07/16
2026-07-16,dmm,USD/JPY,DMM FX,1.0,147.0,-150.0,None,success,2026/07/16
2026-07-16,gaitame,USD/JPY,外為どっとコム,1.0,160.0,-190.0,None,success,2026/07/16
2026-07-16,gmo,USD/JPY,GMO外貨,1.0,160.0,-160.0,None,success,2026/07/16
2026-07-16,gmo_click,USD/JPY,GMOクリック証券,1.0,150.0,-150.0,None,success,2026/07/16
2026-07-16,hirose,USD/JPY,ヒロセ通商,1.0,160.0,-190.0,None,success,2026/07/16
2026-07-16,invast,USD/JPY,トライオートFX,1.0,154.0,-229.0,None,success,2026/07/15
2026-07-16,jfx,USD/JPY,JFX,1.0,160.0,-190.0,None,success,2026/07/16
2026-07-16,sbi,USD/JPY,SBI FXトレード,1.0,139.0,-147.0,07月21日,success,2026/07/16
2026-07-16,traders_light,USD/JPY,LIGHT FX,1.0,151.0,-151.0,None,success,2026/07/16
2026-07-16,traders_min,USD/JPY,みんなのFX,1.0,150.0,-150.0,None,success,2026/07/16
2026-07-17,central_tanshi,USD/JPY,セントラル短資FX,1.0,0.0,0.0,None,error,2026/07/17
2026-07-17,dmm,USD/JPY,DMM FX,1.0,147.0,-150.0,None,success,2026/07/17
2026-07-17,gaitame,USD/JPY,外為どっとコム,1.0,160.0,-190.0,None,success,2026/07/17
2026-07-17,gmo,USD/JPY,GMO外貨,1.0,None,None,None,success,2026/07/17
2026-07-17,gmo_click,USD/JPY,GMOクリック証券,1.0,None,None,None,success,2026/07/17
2026-07-17,hirose,USD/JPY,ヒロセ通商,1.0,160.0,-195.0,None,success,2026/07/17
2026-07-17,invast,USD/JPY,トライオートFX,1.0,154.0,-229.0,None,success,2026/07/16
2026-07-17,jfx,USD/JPY,JFX,1.0,160.0,-195.0,None,success,2026/07/17
2026-07-17,sbi,USD/JPY,SBI FXトレード,1.0,139.0,-147.0,07月22日,success,2026/07/17
2026-07-17,traders_light,USD/JPY,LIGHT FX,1.0,151.0,-151.0,None,success,2026/07/16
2026-07-17,traders_min,USD/JPY,みんなのFX,1.0,150.0,-150.0,None,success,2026/07/16
2026-07-20,central_tanshi,USD/JPY,セントラル短資FX,1.0,160.0,-160.0,7/21,success,2026/07/20
2026-07-20,dmm,USD/JPY,DMM FX,1.0,None,None,None,success,2026/07/20
2026-07-20,gaitame,USD/JPY,外為どっとコム,1.0,None,None,None,success,2026/07/20
2026-07-20,gmo,USD/JPY,GMO外貨,1.0,160.0,-160.0,None,success,2026/07/20
2026-07-20,gmo_click,USD/JPY,GMOクリック証券,1.0,152.0,-152.0,None,success,2026/07/20
2026-07-20,hirose,USD/JPY,ヒロセ通商,1.0,None,None,None,success,2026/07/20
2026-07-20,invast,USD/JPY,トライオートFX,1.0,160.0,-235.0,,success,2026/07/20
2026-07-20,jfx,USD/JPY,JFX,1.0,None,None,None,success,2026/07/20
2026-07-20,sbi,USD/JPY,SBI FXトレード,None,None,None,None,error,None
2026-07-20,traders_light,USD/JPY,LIGHT FX,1.0,151.0,-151.0,None,success,2026/07/20
2026-07-20,traders_min,USD/JPY,みんなのFX,1.0,150.0,-150.0,None,success,2026/07/20
2026-07-21,central_tanshi,USD/JPY,セントラル短資FX,1.0,160.0,-160.0,7/22,success,2026/07/21
2026-07-21,dmm,USD/JPY,DMM FX,1.0,147.0,-150.0,None,success,2026/07/21
2026-07-21,gaitame,USD/JPY,外為どっとコム,1.0,160.0,-190.0,None,success,2026/07/21
2026-07-21,gmo,USD/JPY,GMO外貨,1.0,160.0,-160.0,None,success,2026/07/21
2026-07-21,gmo_click,USD/JPY,GMOクリック証券,1.0,153.0,-153.0,None,success,2026/07/21
2026-07-21,hirose,USD/JPY,ヒロセ通商,1.0,151.0,-181.0,None,success,2026/07/21
2026-07-21,invast,USD/JPY,トライオートFX,1.0,160.0,-235.0,,success,2026/07/21
2026-07-21,jfx,USD/JPY,JFX,1.0,151.0,-181.0,None,success,2026/07/21
2026-07-21,sbi,USD/JPY,SBI FXトレード,1.0,139.0,-147.0,07月23日,success,2026/07/21
2026-07-21,traders_light,USD/JPY,LIGHT FX,1.0,156.0,-156.0,None,success,2026/07/21
2026-07-21,traders_min,USD/JPY,みんなのFX,1.0,155.0,-155.0,None,success,2026/07/21
2026-07-22,central_tanshi,USD/JPY,セントラル短資FX,1.0,160.0,-160.0,7/23,success,2026/07/22
2026-07-22,dmm,USD/JPY,DMM FX,1.0,147.0,-150.0,None,success,2026/07/22
2026-07-22,gaitame,USD/JPY,外為どっとコム,1.0,160.0,-190.0,None,success,2026/07/22
2026-07-22,gmo,USD/JPY,GMO外貨,1.0,160.0,-160.0,None,success,2026/07/22
2026-07-22,gmo_click,USD/JPY,GMOクリック証券,1.0,154.0,-154.0,None,success,2026/07/22
2026-07-22,hirose,USD/JPY,ヒロセ通商,1.0,156.0,-186.0,None,success,2026/07/22
2026-07-22,invast,USD/JPY,トライオートFX,1.0,162.0,-237.0,,success,2026/07/22
2026-07-22,jfx,USD/JPY,JFX,1.0,156.0,-186.0,None,success,2026/07/22
2026-07-22,sbi,USD/JPY,SBI FXトレード,1.0,141.0,-149.0,07月24日,success,2026/07/22
2026-07-22,traders_light,USD/JPY,LIGHT FX,1.0,161.0,-161.0,None,success,2026/07/22
2026-07-22,traders_min,USD/JPY,みんなのFX,1.0,160.0,-160.0,None,success,2026/07/22
2026-07-23,central_tanshi,USD/JPY,セントラル短資FX,1.0,162.0,-162.0,7/24,success,2026/07/23
2026-07-23,dmm,USD/JPY,DMM FX,1.0,147.0,-150.0,None,success,2026/07/23
2026-07-23,gaitame,USD/JPY,外為どっとコム,1.0,160.0,-190.0,None,success,2026/07/23
2026-07-23,gmo,USD/JPY,GMO外貨,1.0,161.0,-161.0,None,success,2026/07/23
2026-07-23,gmo_click,USD/JPY,GMOクリック証券,1.0,155.0,-155.0,None,success,2026/07/23
2026-07-23,hirose,USD/JPY,ヒロセ通商,1.0,160.0,-190.0,None,success,2026/07/23
2026-07-23,invast,USD/JPY,トライオートFX,1.0,162.0,-237.0,,success,2026/07/23
2026-07-23,jfx,USD/JPY,JFX,1.0,160.0,-190.0,None,success,2026/07/23
2026-07-23,sbi,USD/JPY,SBI FXトレード,1.0,143.0,-151.0,07月27日,success,2026/07/23
2026-07-23,traders_light,USD/JPY,LIGHT FX,1.0,161.0,-161.0,None,success,2026/07/23
2026-07-23,traders_min,USD/JPY,みんなのFX,1.0,160.0,-160.0,None,success,2026/07/23
2026-07-24,central_tanshi,USD/JPY,セントラル短資FX,1.0,163.0,-163.0,7/27,success,2026/07/24
2026-07-24,dmm,USD/JPY,DMM FX,1.0,149.0,-152.0,None,success,2026/07/24
2026-07-24,gaitame,USD/JPY,外為どっとコム,1.0,160.0,-190.0,None,success,2026/07/24
2026-07-24,gmo,USD/JPY,GMO外貨,1.0,162.0,-162.0,None,success,2026/07/24
2026-07-24,gmo_click,USD/JPY,GMOクリック証券,1.0,156.0,-156.0,None,success,2026/07/24
2026-07-24,hirose,USD/JPY,ヒロセ通商,1.0,160.0,-195.0,None,success,2026/07/24
2026-07-24,invast,USD/JPY,トライオートFX,1.0,162.0,-237.0,,success,2026/07/24
2026-07-24,jfx,USD/JPY,JFX,1.0,160.0,-195.0,None,success,2026/07/24
2026-07-24,sbi,USD/JPY,SBI FXトレード,1.0,143.0,-151.0,07月28日,success,2026/07/24
2026-07-24,traders_light,USD/JPY,LIGHT FX,1.0,161.0,-161.0,None,success,2026/07/24
2026-07-24,traders_min,USD/JPY,みんなのFX,1.0,160.0,-160.0,None,success,2026/07/24
2026-07-27,central_tanshi,USD/JPY,セントラル短資FX,1.0,163.0,-163.0,7/28,success,2026/07/27
2026-07-27,dmm,USD/JPY,DMM FX,1.0,149.0,-152.0,None,success,2026/07/27
2026-07-27,gaitame,USD/JPY,外為どっとコム,1.0,160.0,-190.0,None,success,2026/07/27
2026-07-27,gmo,USD/JPY,GMO外貨,1.0,162.0,-162.0,None,success,2026/07/27
2026-07-27,gmo_click,USD/JPY,GMOクリック証券,1.0,160.0,-160.0,None,success,2026/07/27
2026-07-27,hirose,USD/JPY,ヒロセ通商,1.0,160.0,-190.0,None,success,2026/07/27
2026-07-27,invast,USD/JPY,トライオートFX,1.0,162.0,-237.0,None,success,2026/07/24
2026-07-27,jfx,USD/JPY,JFX,1.0,160.0,-190.0,None,success,2026/07/27
2026-07-27,sbi,USD/JPY,SBI FXトレード,None,None,None,None,error,None
2026-07-27,traders_light,USD/JPY,LIGHT FX,1.0,161.0,-161.0,None,success,2026/07/27
2026-07-27,traders_min,USD/JPY,みんなのFX,1.0,160.0,-160.0,None,success,2026/07/27
2026-07-28,central_tanshi,USD/JPY,セントラル短資FX,1.0,165.0,-165.0,7/29,success,2026/07/28
2026-07-28,dmm,USD/JPY,DMM FX,1.0,150.0,-153.0,None,success,2026/07/28
2026-07-28,gaitame,USD/JPY,外為どっとコム,1.0,160.0,-190.0,None,success,2026/07/28
2026-07-28,gmo,USD/JPY,GMO外貨,1.0,162.0,-162.0,None,success,2026/07/28
2026-07-28,gmo_click,USD/JPY,GMOクリック証券,1.0,159.0,-159.0,None,success,2026/07/28
2026-07-28,hirose,USD/JPY,ヒロセ通商,1.0,160.0,-190.0,None,success,2026/07/28
2026-07-28,invast,USD/JPY,トライオートFX,1.0,164.0,-239.0,None,success,2026/07/27
2026-07-28,jfx,USD/JPY,JFX,1.0,160.0,-190.0,None,success,2026/07/28
2026-07-28,sbi,USD/JPY,SBI FXトレード,1.0,145.0,-153.0,07月30日,success,2026/07/28
2026-07-28,traders_light,USD/JPY,LIGHT FX,1.0,161.0,-161.0,None,success,2026/07/28
2026-07-28,traders_min,USD/JPY,みんなのFX,1.0,160.0,-160.0,None,success,2026/07/28
2026-07-29,central_tanshi,USD/JPY,セントラル短資FX,1.0,165.0,-165.0,7/30,success,2026/07/29
2026-07-29,dmm,USD/JPY,DMM FX,1.0,150.0,-153.0,None,success,2026/07/29
2026-07-29,gaitame,USD/JPY,外為どっとコム,1.0,160.0,-190.0,None,success,2026/07/29
2026-07-29,gmo,USD/JPY,GMO外貨,1.0,165.0,-165.0,None,success,2026/07/29
2026-07-29,gmo_click,USD/JPY,GMOクリック証券,1.0,164.0,-164.0,None,success,2026/07/29
2026-07-29,hirose,USD/JPY,ヒロセ通商,1.0,160.0,-190.0,None,success,2026/07/29
2026-07-29,invast,USD/JPY,トライオートFX,1.0,164.0,-239.0,None,success,2026/07/28
2026-07-29,jfx,USD/JPY,JFX,1.0,160.0,-190.0,None,success,2026/07/29
2026-07-29,sbi,USD/JPY,SBI FXトレード,1.0,145.0,-153.0,07月31日,success,2026/07/29
2026-07-29,traders_light,USD/JPY,LIGHT FX,1.0,161.0,-161.0,None,success,2026/07/29
2026-07-29,traders_min,USD/JPY,みんなのFX,1.0,160.0,-160.0,None,success,2026/07/29
2026-07-30,central_tanshi,USD/JPY,セントラル短資FX,1.0,165.0,-165.0,7/31,success,2026/07/30
2026-07-30,dmm,USD/JPY,DMM FX,1.0,150.0,-153.0,None,success,2026/07/30
2026-07-30,gaitame,USD/JPY,外為どっとコム,1.0,160.0,-190.0,None,success,2026/07/30
2026-07-30,gmo,USD/JPY,GMO外貨,1.0,161.0,-161.0,None,success,2026/07/30
2026-07-30,gmo_click,USD/JPY,GMOクリック証券,1.0,159.0,-159.0,None,success,2026/07/30
2026-07-30,hirose,USD/JPY,ヒロセ通商,1.0,161.0,-196.0,None,success,2026/07/30
2026-07-30,invast,USD/JPY,トライオートFX,1.0,166.0,-241.0,None,success,2026/07/29
2026-07-30,jfx,USD/JPY,JFX,1.0,161.0,-196.0,None,success,2026/07/30
2026-07-30,sbi,USD/JPY,SBI FXトレード,1.0,148.0,-156.0,08月03日,success,2026/07/30
2026-07-30,traders_light,USD/JPY,LIGHT FX,1.0,161.0,-161.0,None,success,2026/07/30
2026-07-30,traders_min,USD/JPY,みんなのFX,1.0,160.0,-160.0,None,success,2026/07/30
2026-07-31,central_tanshi,USD/JPY,セントラル短資FX,1.0,165.0,-165.0,8/3,success,2026/07/31
2026-07-31,dmm,USD/JPY,DMM FX,1.0,152.0,-155.0,None,success,2026/07/31
2026-07-31,gaitame,USD/JPY,外為どっとコム,1.0,130.0,-160.0,None,success,2026/07/31
2026-07-31,gmo_click,USD/JPY,GMOクリック証券,1.0,161.0,-161.0,None,success,2026/07/31
2026-07-31,hirose,USD/JPY,ヒロセ通商,1.0,130.0,-160.0,None,success,2026/07/31
2026-07-31,invast,USD/JPY,トライオートFX,1.0,160.0,-235.0,None,success,2026/07/31
2026-07-31,jfx,USD/JPY,JFX,1.0,146.0,-181.0,None,success,2026/07/31
2026-07-31,traders_light,USD/JPY,LIGHT FX,1.0,131.0,-131.0,None,success,2026/07/31
2026-07-31,traders_min,USD/JPY,みんなのFX,1.0,130.0,-130.0,None,success,2026/07/31
2026-07-31,gmo,USD/JPY,GMO外貨,1.0,156.0,-156.0,None,success,2026/07/31
2026-07-31,sbi,USD/JPY,SBI FXトレード,1.0,145.0,-153.0,08月04日,success,2026/07/31
2026-08-03,central_tanshi,USD/JPY,セントラル短資FX,1.0,165.0,-165.0,8/4,success,2026/08/03
2026-08-03,dmm,USD/JPY,DMM FX,1.0,152.0,-155.0,None,success,2026/08/03
2026-08-03,gaitame,USD/JPY,外為どっとコム,1.0,130.0,-160.0,None,success,2026/08/03
2026-08-03,gmo,USD/JPY,GMO外貨,1.0,156.0,-156.0,None,success,2026/08/03
2026-08-03,gmo_click,USD/JPY,GMOクリック証券,1.0,156.0,-156.0,None,success,2026/08/03
2026-08-03,hirose,USD/JPY,ヒロセ通商,1.0,130.0,-160.0,None,success,2026/08/03
2026-08-03,invast,USD/JPY,トライオートFX,1.0,None,None,None,error,None
2026-08-03,jfx,USD/JPY,JFX,1.0,130.0,-160.0,None,success,2026/08/03
2026-08-03,sbi,USD/JPY,SBI FXトレード,None,None,None,None,success,2026/08/03
2026-08-03,traders_light,USD/JPY,LIGHT FX,1.0,121.0,-121.0,None,success,2026/08/03
2026-08-03,traders_min,USD/JPY,みんなのFX,1.0,120.0,-120.0,None,success,2026/08/03
2026-08-04,central_tanshi,USD/JPY,セントラル短資FX,1.0,157.0,-157.0,8/5,success,2026/08/04
2026-08-04,dmm,USD/JPY,DMM FX,1.0,150.0,-153.0,None,success,2026/08/04
2026-08-04,gaitame,USD/JPY,外為どっとコム,1.0,120.0,-150.0,None,success,2026/08/04
2026-08-04,gmo,USD/JPY,GMO外貨,1.0,147.0,-147.0,None,success,2026/08/04
2026-08-04,gmo_click,USD/JPY,GMOクリック証券,1.0,146.0,-146.0,None,success,2026/08/04
2026-08-04,hirose,USD/JPY,ヒロセ通商,1.0,130.0,-160.0,None,success,2026/08/04
2026-08-04,invast,USD/JPY,トライオートFX,1.0,156.0,-231.0,None,success,2026/08/03
2026-08-04,jfx,USD/JPY,JFX,1.0,130.0,-160.0,None,success,2026/08/04
2026-08-04,sbi,USD/JPY,SBI FXトレード,1.0,115.0,-123.0,08月06日,success,2026/08/04
2026-08-04,traders_light,USD/JPY,LIGHT FX,1.0,116.0,-116.0,None,success,2026/08/04
2026-08-04,traders_min,USD/JPY,みんなのFX,1.0,115.0,-115.0,None,success,2026/08/04
2026-08-05,central_tanshi,USD/JPY,セントラル短資FX,1.0,150.0,-150.0,8/6,success,2026/08/05
2026-08-05,dmm,USD/JPY,DMM FX,1.0,143.0,-146.0,None,success,2026/08/05
2026-08-05,gaitame,USD/JPY,外為どっとコム,1.0,115.0,-145.0,None,success,2026/08/05
2026-08-05,gmo,USD/JPY,GMO外貨,1.0,140.0,-140.0,None,success,2026/08/05
2026-08-05,gmo_click,USD/JPY,GMOクリック証券,1.0,136.0,-136.0,None,success,2026/08/05
2026-08-05,hirose,USD/JPY,ヒロセ通商,1.0,115.0,-145.0,None,success,2026/08/05
2026-08-05,invast,USD/JPY,トライオートFX,1.0,148.0,-223.0,None,success,2026/08/04
2026-08-05,jfx,USD/JPY,JFX,1.0,115.0,-145.0,None,success,2026/08/05
2026-08-05,sbi,USD/JPY,SBI FXトレード,1.0,117.0,-125.0,08月07日,success,2026/08/05
2026-08-05,traders_light,USD/JPY,LIGHT FX,1.0,111.0,-111.0,None,success,2026/08/05
2026-08-05,traders_min,USD/JPY,みんなのFX,1.0,110.0,-110.0,None,success,2026/08/05
2026-08-06,central_tanshi,USD/JPY,セントラル短資FX,1.0,138.0,-138.0,8/7,success,2026/08/06
2026-08-06,dmm,USD/JPY,DMM FX,1.0,143.0,-146.0,None,success,2026/08/06
2026-08-06,gaitame,USD/JPY,外為どっとコム,1.0,115.0,-145.0,None,success,2026/08/06
2026-08-06,gmo,USD/JPY,GMO外貨,1.0,136.0,-136.0,None,success,2026/08/06
2026-08-06,gmo_click,USD/JPY,GMOクリック証券,1.0,126.0,-126.0,None,success,2026/08/06
2026-08-06,hirose,USD/JPY,ヒロセ通商,1.0,110.0,-140.0,None,success,2026/08/06
2026-08-06,invast,USD/JPY,トライオートFX,1.0,140.0,-215.0,None,success,2026/08/05
2026-08-06,jfx,USD/JPY,JFX,1.0,110.0,-140.0,None,success,2026/08/06
2026-08-06,sbi,USD/JPY,SBI FXトレード,1.0,115.0,-123.0,08月10日,success,2026/08/06
2026-08-06,traders_light,USD/JPY,LIGHT FX,1.0,111.0,-111.0,None,success,2026/08/06
2026-08-06,traders_min,USD/JPY,みんなのFX,1.0,110.0,-110.0,None,success,2026/08/06
2026-08-07,central_tanshi,USD/JPY,セントラル短資FX,1.0,125.0,-125.0,8/10,success,2026/08/07
2026-08-07,dmm,USD/JPY,DMM FX,1.0,133.0,-136.0,None,success,2026/08/07
2026-08-07,gaitame,USD/JPY,外為どっとコム,1.0,115.0,-145.0,None,success,2026/08/07
2026-08-07,gmo,USD/JPY,GMO外貨,1.0,126.0,-126.0,None,success,2026/08/07
2026-08-07,gmo_click,USD/JPY,GMOクリック証券,1.0,123.0,-123.0,None,success,2026/08/07
2026-08-07,hirose,USD/JPY,ヒロセ通商,1.0,122.0,-152.0,None,success,2026/08/07
2026-08-07,invast,USD/JPY,トライオートFX,1.0,130.0,-205.0,None,success,2026/08/06
2026-08-07,jfx,USD/JPY,JFX,1.0,122.0,-152.0,None,success,2026/08/07
2026-08-07,sbi,USD/JPY,SBI FXトレード,1.0,115.0,-123.0,08月12日,success,2026/08/07
2026-08-07,traders_light,USD/JPY,LIGHT FX,1.0,124.0,-124.0,None,success,2026/08/07
2026-08-07,traders_min,USD/JPY,みんなのFX,1.0,123.0,-123.0,None,success,2026/08/07
2026-08-10,central_tanshi,USD/JPY,セントラル短資FX,1.0,0.0,0.0,None,error,2026/08/10
2026-08-10,dmm,USD/JPY,DMM FX,1.0,124.0,-127.0,None,success,2026/08/10
2026-08-10,gaitame,USD/JPY,外為どっとコム,1.0,115.0,-145.0,None,success,2026/08/10
2026-08-10,gmo,USD/JPY,GMO外貨,1.0,None,None,None,success,2026/08/10
2026-08-10,gmo_click,USD/JPY,GMOクリック証券,1.0,None,None,None,success,2026/08/10
2026-08-10,hirose,USD/JPY,ヒロセ通商,1.0,115.0,-150.0,None,success,2026/08/10
2026-08-10,invast,USD/JPY,トライオートFX,1.0,130.0,-205.0,None,success,2026/08/07
2026-08-10,jfx,USD/JPY,JFX,1.0,115.0,-150.0,None,success,2026/08/10
2026-08-10,sbi,USD/JPY,SBI FXトレード,None,None,None,None,success,2026/08/10
2026-08-10,traders_light,USD/JPY,LIGHT FX,1.0,None,None,None,error,None
2026-08-10,traders_min,USD/JPY,みんなのFX,1.0,None,None,None,error,None
2026-08-11,central_tanshi,USD/JPY,セントラル短資FX,1.0,115.0,-115.0,8/12,success,2026/08/11
2026-08-11,dmm,USD/JPY,DMM FX,1.0,None,None,None,success,2026/08/11
2026-08-11,gaitame,USD/JPY,外為どっとコム,1.0,None,None,None,success,2026/08/11
2026-08-11,gmo,USD/JPY,GMO外貨,1.0,123.0,-123.0,None,success,2026/08/11
2026-08-11,gmo_click,USD/JPY,GMOクリック証券,1.0,123.0,-123.0,None,success,2026/08/11
2026-08-11,hirose,USD/JPY,ヒロセ通商,1.0,None,None,None,success,2026/08/11
2026-08-11,invast,USD/JPY,トライオートFX,1.0,None,None,None,success,2026/08/10
2026-08-11,jfx,USD/JPY,JFX,1.0,None,None,None,success,2026/08/11
2026-08-11,sbi,USD/JPY,SBI FXトレード,None,None,None,08月13日,success,2026/08/11
2026-08-11,traders_light,USD/JPY,LIGHT FX,1.0,124.0,-124.0,None,success,2026/08/11
2026-08-11,traders_min,USD/JPY,みんなのFX,1.0,123.0,-123.0,None,success,2026/08/11
2026-08-12,central_tanshi,USD/JPY,セントラル短資FX,1.0,115.0,-115.0,8/13,success,2026/08/12
2026-08-12,dmm,USD/JPY,DMM FX,1.0,120.0,-123.0,None,success,2026/08/12
2026-08-12,gaitame,USD/JPY,外為どっとコム,1.0,115.0,-145.0,None,success,2026/08/12
2026-08-12,gmo,USD/JPY,GMO外貨,1.0,128.0,-128.0,None,success,2026/08/12
2026-08-12,gmo_click,USD/JPY,GMOクリック証券,1.0,128.0,-128.0,None,success,2026/08/12
2026-08-12,hirose,USD/JPY,ヒロセ通商,1.0,124.0,-154.0,None,success,2026/08/12
2026-08-12,invast,USD/JPY,トライオートFX,1.0,130.0,-205.0,None,success,2026/08/11
2026-08-12,jfx,USD/JPY,JFX,1.0,124.0,-154.0,None,success,2026/08/12
2026-08-12,sbi,USD/JPY,SBI FXトレード,1.0,117.0,-125.0,08月14日,success,2026/08/12
2026-08-12,traders_light,USD/JPY,LIGHT FX,1.0,124.0,-124.0,None,success,2026/08/12
2026-08-12,traders_min,USD/JPY,みんなのFX,1.0,123.0,-123.0,None,success,2026/08/12
2026-08-13,central_tanshi,USD/JPY,セントラル短資FX,1.0,115.0,-115.0,8/14,success,2026/08/13
2026-08-13,dmm,USD/JPY,DMM FX,1.0,123.0,-126.0,None,success,2026/08/13
2026-08-13,gaitame,USD/JPY,外為どっとコム,1.0,117.0,-147.0,None,success,2026/08/13
2026-08-13,gmo,USD/JPY,GMO外貨,1.0,125.0,-125.0,None,success,2026/08/13
2026-08-13,gmo_click,USD/JPY,GMOクリック証券,1.0,125.0,-125.0,None,success,2026/08/13
2026-08-13,hirose,USD/JPY,ヒロセ通商,1.0,124.0,-154.0,None,success,2026/08/13
2026-08-13,invast,USD/JPY,トライオートFX,1.0,125.0,-200.0,None,success,2026/08/12
2026-08-13,jfx,USD/JPY,JFX,1.0,124.0,-154.0,None,success,2026/08/13
2026-08-13,sbi,USD/JPY,SBI FXトレード,1.0,117.0,-125.0,08月17日,success,2026/08/13
2026-08-13,traders_light,USD/JPY,LIGHT FX,1.0,124.0,-124.0,None,success,2026/08/13
2026-08-13,traders_min,USD/JPY,みんなのFX,1.0,123.0,-123.0,None,success,2026/08/13
2026-08-14,central_tanshi,USD/JPY,セントラル短資FX,1.0,115.0,-115.0,8/17,success,2026/08/14
2026-08-14,dmm,USD/JPY,DMM FX,1.0,122.0,-125.0,None,success,2026/08/14
2026-08-14,gaitame,USD/JPY,外為どっとコム,1.0,117.0,-147.0,None,success,2026/08/14
2026-08-14,gmo,USD/JPY,GMO外貨,1.0,124.0,-124.0,None,success,2026/08/14
2026-08-14,gmo_click,USD/JPY,GMOクリック証券,1.0,124.0,-124.0,None,success,2026/08/14
2026-08-14,hirose,USD/JPY,ヒロセ通商,1.0,124.0,-154.0,None,success,2026/08/14
2026-08-14,invast,USD/JPY,トライオートFX,1.0,125.0,-200.0,None,success,2026/08/13
2026-08-14,jfx,USD/JPY,JFX,1.0,124.0,-154.0,None,success,2026/08/14
2026-08-14,sbi,USD/JPY,SBI FXトレード,1.0,117.0,-125.0,08月18日,success,2026/08/14
2026-08-14,traders_light,USD/JPY,LIGHT FX,1.0,124.0,-124.0,None,success,2026/08/14
2026-08-14,traders_min,USD/JPY,みんなのFX,1.0,123.0,-123.0,None,success,2026/08/14
2026-08-17,central_tanshi,USD/JPY,セントラル短資FX,1.0,120.0,-120.0,8/18,success,2026/08/17
2026-08-17,dmm,USD/JPY,DMM FX,1.0,121.0,-124.0,None,success,2026/08/17
2026-08-17,gaitame,USD/JPY,外為どっとコム,1.0,117.0,-147.0,None,success,2026/08/17
2026-08-17,gmo,USD/JPY,GMO外貨,1.0,121.0,-121.0,None,success,2026/08/17
2026-08-17,gmo_click,USD/JPY,GMOクリック証券,1.0,121.0,-121.0,None,success,2026/08/17
2026-08-17,hirose,USD/JPY,ヒロセ通商,1.0,117.0,-152.0,None,success,2026/08/17
2026-08-17,invast,USD/JPY,トライオートFX,1.0,125.0,-200.0,None,success,2026/08/14
2026-08-17,jfx,USD/JPY,JFX,1.0,117.0,-152.0,None,success,2026/08/17
2026-08-17,sbi,USD/JPY,SBI FXトレード,None,None,None,None,success,2026/08/17
2026-08-17,traders_light,USD/JPY,LIGHT FX,1.0,122.0,-122.0,None,success,2026/08/17
2026-08-17,traders_min,USD/JPY,みんなのFX,1.0,121.0,-121.0,None,success,2026/08/17
2026-08-18,central_tanshi,USD/JPY,セントラル短資FX,1.0,120.0,-120.0,8/19,success,2026/08/18
2026-08-18,dmm,USD/JPY,DMM FX,1.0,121.0,-124.0,None,success,2026/08/18
2026-08-18,gaitame,USD/JPY,外為どっとコム,1.0,117.0,-147.0,None,success,2026/08/18
2026-08-18,gmo,USD/JPY,GMO外貨,1.0,119.0,-119.0,None,success,2026/08/18
2026-08-18,gmo_click,USD/JPY,GMOクリック証券,1.0,118.0,-118.0,None,success,2026/08/18
2026-08-18,hirose,USD/JPY,ヒロセ通商,1.0,122.0,-152.0,None,success,2026/08/18
2026-08-18,invast,USD/JPY,トライオートFX,1.0,123.0,-198.0,None,success,2026/08/17
2026-08-18,jfx,USD/JPY,JFX,1.0,122.0,-152.0,None,success,2026/08/18
2026-08-18,sbi,USD/JPY,SBI FXトレード,1.0,117.0,-125.0,08月20日,success,2026/08/18
2026-08-18,traders_light,USD/JPY,LIGHT FX,1.0,122.0,-122.0,None,success,2026/08/18
2026-08-18,traders_min,USD/JPY,みんなのFX,1.0,121.0,-121.0,None,success,2026/08/18
2026-08-19,central_tanshi,USD/JPY,セントラル短資FX,1.0,120.0,-120.0,8/20,success,2026/08/19
2026-08-19,dmm,USD/JPY,DMM FX,1.0,119.0,-122.0,None,success,2026/08/19
2026-08-19,gaitame,USD/JPY,外為どっとコム,1.0,117.0,-147.0,None,success,2026/08/19
2026-08-19,gmo,USD/JPY,GMO外貨,1.0,121.0,-121.0,None,success,2026/08/19
2026-08-19,gmo_click,USD/JPY,GMOクリック証券,1.0,123.0,-123.0,None,success,2026/08/19
2026-08-19,hirose,USD/JPY,ヒロセ通商,1.0,120.0,-150.0,None,success,2026/08/19
2026-08-19,invast,USD/JPY,トライオートFX,1.0,123.0,-198.0,None,success,2026/08/18
2026-08-19,jfx,USD/JPY,JFX,1.0,120.0,-150.0,None,success,2026/08/19
2026-08-19,sbi,USD/JPY,SBI FXトレード,1.0,117.0,-125.0,08月21日,success,2026/08/19
2026-08-19,traders_light,USD/JPY,LIGHT FX,1.0,121.0,-121.0,None,success,2026/08/19
2026-08-19,traders_min,USD/JPY,みんなのFX,1.0,120.0,-120.0,None,success,2026/08/19
2026-08-20,central_tanshi,USD/JPY,セントラル短資FX,1.0,120.0,-120.0,8/21,success,2026/08/20
2026-08-20,dmm,USD/JPY,DMM FX,1.0,119.0,-122.0,None,success,2026/08/20
2026-08-20,gaitame,USD/JPY,外為どっとコム,1.0,117.0,-147.0,None,success,2026/08/20
2026-08-20,gmo,USD/JPY,GMO外貨,1.0,119.0,-119.0,None,success,2026/08/20
2026-08-20,gmo_click,USD/JPY,GMOクリック証券,1.0,119.0,-119.0,None,success,2026/08/20
2026-08-20,hirose,USD/JPY,ヒロセ通商,1,117.0,-147.0,None,success,2026/08/20
2026-08-20,invast,USD/JPY,トライオートFX,1.0,123.0,-198.0,None,success,2026/08/19
2026-08-20,jfx,USD/JPY,JFX,1.0,117.0,-152.0,None,success,2026/08/20
2026-08-20,sbi,USD/JPY,SBI FXトレード,1.0,117.0,-125.0,08月24日,success,2026/08/20
2026-08-20,traders_light,USD/JPY,LIGHT FX,1.0,118.0,-118.0,None,success,2026/08/20
2026-08-20,traders_min,USD/JPY,みんなのFX,1.0,117.0,-117.0,None,success,2026/08/20
2026-08-21,central_tanshi,USD/JPY,セントラル短資FX,1.0,120.0,-120.0,8/24,success,2026/08/21
2026-08-21,dmm,USD/JPY,DMM FX,1.0,119.0,-122.0,None,success,2026/08/21
2026-08-21,gaitame,USD/JPY,外為どっとコム,1.0,117.0,-147.0,None,success,2026/08/21
2026-08-21,gmo,USD/JPY,GMO外貨,1.0,117.0,-117.0,None,success,2026/08/21
2026-08-21,gmo_click,USD/JPY,GMOクリック証券,1.0,120.0,-120.0,None,success,2026/08/21
2026-08-21,hirose,USD/JPY,ヒロセ通商,1,117.0,-152.0,None,success,2026/08/21
2026-08-21,invast,USD/JPY,トライオートFX,1.0,123.0,-198.0,None,success,2026/08/20
2026-08-21,jfx,USD/JPY,JFX,1.0,117.0,-147.0,None,success,2026/08/21
2026-08-21,sbi,USD/JPY,SBI FXトレード,1.0,117.0,-125.0,08月25日,success,2026/08/21
2026-08-21,traders_light,USD/JPY,LIGHT FX,1.0,118.0,-118.0,None,success,2026/08/21
2026-08-21,traders_min,USD/JPY,みんなのFX,1.0,117.0,-117.0,None,success,2026/08/21
2026-08-24,central_tanshi,USD/JPY,セントラル短資FX,1.0,120.0,-120.0,8/25,success,2026/08/24
2026-08-24,dmm,USD/JPY,DMM FX,1.0,117.0,-120.0,None,success,2026/08/24
2026-08-24,gaitame,USD/JPY,外為どっとコム,1.0,117.0,-147.0,None,success,2026/08/24
2026-08-24,gmo,USD/JPY,GMO外貨,1.0,117.0,-117.0,None,success,2026/08/24
2026-08-24,gmo_click,USD/JPY,GMOクリック証券,1.0,120.0,-120.0,None,success,2026/08/24
2026-08-24,hirose,USD/JPY,ヒロセ通商,1.0,117.0,-152.0,None,success,2026/08/21
2026-08-24,invast,USD/JPY,トライオートFX,1.0,123.0,-198.0,None,success,2026/08/21
2026-08-24,jfx,USD/JPY,JFX,1.0,117.0,-152.0,None,success,2026/08/24
2026-08-24,sbi,USD/JPY,SBI FXトレード,None,None,None,None,success,2026/08/24
2026-08-24,traders_light,USD/JPY,LIGHT FX,1.0,118.0,-118.0,None,success,2026/08/24
2026-08-24,traders_min,USD/JPY,みんなのFX,1.0,117.0,-117.0,None,success,2026/08/24
